cluster,Gene_set,Term,Overlap,P-value,Adjusted P-value,Old P-value,Old Adjusted P-value,Odds Ratio,Combined Score,Genes
Cluster 1,Reactome_Pathways_2024,Formation of the Cornified Envelope,14/129,4.3738929375064465e-25,4.855021160632157e-23,0,0,219.7944664031621,12328.046085037467,DSP;TCHH;KRT5;KRT75;KRT17;KRT27;KRT16;PERP;KRT25;KRT14;PKP1;KRT6C;KRT6B;KRT6A
Cluster 1,GO_Biological_Process_2025,Intermediate Filament Organization (GO:0045109),12/72,9.029649436306541e-24,1.5892183007899509e-21,0,0,306.38461538461536,16257.236058576997,KRT17;KRT27;KRT16;KRT25;KRT14;TCHH;PKP1;KRT5;KRT75;KRT6C;KRT6B;KRT6A
Cluster 1,Reactome_Pathways_2024,Keratinization,14/217,8.2235289266703615e-22,4.5640585543020505e-20,0,0,123.96238244514106,6018.357877273504,DSP;TCHH;KRT5;KRT75;KRT17;KRT27;KRT16;PERP;KRT25;KRT14;PKP1;KRT6C;KRT6B;KRT6A
Cluster 1,GO_Biological_Process_2025,Supramolecular Fiber Organization (GO:0097435),11/339,1.0177571329316178e-13,8.956262769798237e-12,0,0,47.06380662020906,1407.9610690870688,KRT17;KRT27;KRT16;KRT25;KRT14;TCHH;KRT5;KRT75;KRT6C;KRT6B;KRT6A
Cluster 1,Reactome_Pathways_2024,Developmental Biology,14/1385,1.181785391954029e-10,4.372605950229907e-09,0,0,17.270472780319608,394.7827078877893,DSP;TCHH;KRT5;KRT75;KRT17;KRT27;KRT16;PERP;KRT25;KRT14;PKP1;KRT6C;KRT6B;KRT6A
Cluster 10,GO_Biological_Process_2025,Antimicrobial Humoral Response (GO:0019730),5/147,9.453862733422424e-07,0.0004282599818240358,0,0,34.91725352112676,484.36069630008586,CXCL12;CCL19;LYZ;B2M;JCHAIN
Cluster 10,Reactome_Pathways_2024,Immune System,12/2150,3.136324663982585e-06,0.0005116579152369708,0,0,7.70108656544578,97.5917032383885,C3;CST3;CD74;IGHG1;EDA;IGKC;IRS1;IGLC1;CCL19;VIM;LYZ;B2M
Cluster 10,Reactome_Pathways_2024,Cell Surface Interactions at the Vascular Wall,5/233,9.029257327711253e-06,0.0005116579152369708,0,0,21.652412280701757,251.4936442403219,CD74;IGKC;IGLC1;JAM2;JCHAIN
Cluster 10,Reactome_Pathways_2024,Initial Triggering of Complement,4/104,8.023227702226387e-06,0.0005116579152369708,0,0,37.85714285714285,444.1842837870671,C3;IGHG1;IGKC;IGLC1
Cluster 10,Reactome_Pathways_2024,Regulation of Complement Cascade,4/128,1.8242666593571403e-05,0.0007753133302267846,0,0,30.493087557603687,332.73286854473497,C3;IGHG1;IGKC;IGLC1
Cluster 11,Reactome_Pathways_2024,ECM Proteoglycans,5/76,3.846245693392378e-11,3.230846382449598e-09,0,0,467.6291079812207,11214.371928599,COL1A1;COL3A1;TNXB;COL1A2;DCN
Cluster 11,Reactome_Pathways_2024,Extracellular Matrix Organization,5/300,3.964046632914789e-08,1.1361422766401052e-06,0,0,111.2824858757062,1896.633629456716,COL1A1;COL3A1;TNXB;COL1A2;DCN
Cluster 11,Reactome_Pathways_2024,Scavenging by Class A Receptors,3/19,4.057650988000376e-08,1.1361422766401052e-06,0,0,749.1,12749.739315260267,COL1A1;COL3A1;COL1A2
Cluster 11,Reactome_Pathways_2024,Syndecan Interactions,3/27,1.2230165559448218e-07,2.3752982289703324e-06,0,0,499.2,7945.654208387466,COL1A1;COL3A1;COL1A2
Cluster 11,Reactome_Pathways_2024,MET Activates PTK2 Signaling,3/30,1.696641592121666e-07,2.3752982289703324e-06,0,0,443.6666666666667,6916.517048590945,COL1A1;COL3A1;COL1A2
Cluster 12,MSigDB_Hallmark_2020,Epithelial Mesenchymal Transition,5/200,9.511028246383312e-11,8.55992542174498e-10,0,0,99000.0,2284522.418927821,COL1A1;COL3A1;COL1A2;MMP2;DCN
Cluster 12,Reactome_Pathways_2024,Degradation of the Extracellular Matrix,5/140,1.563941057400289e-11,1.2980710776422396e-09,0,0,99300.0,2470705.847912553,COL1A1;COL3A1;COL1A2;MMP2;DCN
Cluster 12,Reactome_Pathways_2024,Collagen Degradation,4/64,4.754262038074167e-10,1.97301874580078e-08,0,0,1329.0,28529.389749783604,COL1A1;COL3A1;COL1A2;MMP2
Cluster 12,Reactome_Pathways_2024,Extracellular Matrix Organization,5/300,7.345687546231502e-10,1.9910661218042133e-08,0,0,98500.0,2071626.1454552372,COL1A1;COL3A1;COL1A2;MMP2;DCN
Cluster 12,Reactome_Pathways_2024,ECM Proteoglycans,4/76,9.59549938218898e-10,1.9910661218042133e-08,0,0,1106.8333333333333,22982.90356915573,COL1A1;COL3A1;COL1A2;DCN
Cluster 13,Reactome_Pathways_2024,Regulation of MITF-M-dependent Genes Involved in Pigmentation,4/42,2.057482752070433e-07,2.4072548199224065e-05,0,0,99.93483709273184,1538.6579500131334,PMEL;MLANA;TYRP1;TYR
Cluster 13,Reactome_Pathways_2024,Formation of the Cornified Envelope,5/129,4.946381922864239e-07,2.89363342487558e-05,0,0,40.02217741935484,581.0995743456976,FLG;KRT1;KRT14;KRT10;KRT5
Cluster 13,Reactome_Pathways_2024,FASTK Family Proteins Regulate Processing and Stability of Mitochondrial RNAs,3/19,1.6497033774404446e-06,6.433843172017734e-05,0,0,170.10511363636363,2264.9351389078965,MT-ND6;MT-ND5;MT-ND3
Cluster 13,Reactome_Pathways_2024,Developmental Biology,10/1385,3.064466141432381e-06,8.963563463689716e-05,0,0,9.018181818181818,114.49156441148396,FLG;PMEL;MLANA;TYRP1;KRT1;KRT14;KRT10;KRT5;PTGDS;TYR
Cluster 13,Reactome_Pathways_2024,Mitochondrial RNA Degradation,3/25,3.896405125616121e-06,9.117587993941722e-05,0,0,123.67561983471074,1540.4362649408797,MT-ND6;MT-ND5;MT-ND3
Cluster 14,MSigDB_Hallmark_2020,Epithelial Mesenchymal Transition,7/200,5.411568660051473e-11,8.658509856082356e-10,0,0,89.73056994818653,2121.221432803202,COL1A1;COL3A1;SPARC;COL1A2;MMP2;FBLN1;DCN
Cluster 14,Reactome_Pathways_2024,Extracellular Matrix Organization,7/300,9.249443976172419e-10,1.0729355012360008e-07,0,0,58.80716723549488,1223.26479219137,COL1A1;COL3A1;SPARC;COL1A2;MMP2;FBLN1;DCN
Cluster 14,Reactome_Pathways_2024,ECM Proteoglycans,5/76,2.0203816463975206e-09,1.171821354910562e-07,0,0,140.2394366197183,2807.5906335292902,COL1A1;COL3A1;SPARC;COL1A2;DCN
Cluster 14,MSigDB_Hallmark_2020,UV Response Dn,5/144,5.1130435223734527e-08,4.090434817898762e-07,0,0,71.38848920863309,1198.5332010243128,COL1A1;COL3A1;COL1A2;IGFBP5;PLPP3
Cluster 14,GO_Biological_Process_2025,Extracellular Matrix Organization (GO:0030198),6/182,2.444259294055907e-09,5.01073155281461e-07,0,0,75.0340909090909,1487.8902845250473,COL1A1;COL3A1;COL1A2;CCDC80;MMP2;MMP23B
Cluster 15,Reactome_Pathways_2024,Formation of the Cornified Envelope,8/129,2.3715171904286026e-12,8.774613604585829e-11,0,0,77.21536217792902,2066.8615276690675,KRT80;KRT17;KRT16;SPINK5;KRT79;KRT6B;SPRR1B;KRT6A
Cluster 15,Reactome_Pathways_2024,Keratinization,8/217,1.5574480229293052e-10,2.881278842419214e-09,0,0,44.50548831972981,1005.058645366144,KRT80;KRT17;KRT16;SPINK5;KRT79;KRT6B;SPRR1B;KRT6A
Cluster 15,GO_Biological_Process_2025,Intermediate Filament Organization (GO:0045109),6/72,2.9512687942168515e-10,3.4234718012915484e-08,0,0,95.25837320574162,2090.3131388179445,KRT80;KRT17;KRT16;KRT79;KRT6B;KRT6A
Cluster 15,GO_Biological_Process_2025,Supramolecular Fiber Organization (GO:0097435),6/339,3.060858918543167e-06,0.0001454584743327043,0,0,18.62683736367947,236.5015078378057,KRT80;KRT17;KRT16;KRT79;KRT6B;KRT6A
Cluster 15,GO_Biological_Process_2025,Epidermis Development (GO:0008544),4/86,3.761857094811318e-06,0.0001454584743327043,0,0,46.20905923344948,577.1787742622054,KRTDAP;SPINK5;SPRR1B;KLK6
Cluster 16,MSigDB_Hallmark_2020,Epithelial Mesenchymal Transition,13/200,3.153633564892419e-20,4.7304503473386285e-19,0,0,114.63636363636364,5147.533437373217,SPARC;MMP2;FBLN1;FBLN2;FSTL1;DCN;COL1A1;COL3A1;COL1A2;COL6A2;COL6A3;CTHRC1;FBN1
Cluster 16,Reactome_Pathways_2024,Extracellular Matrix Organization,14/300,8.27840780574257e-20,9.43738489854653e-18,0,0,87.61792752701844,3849.76098606761,TNXB;SPARC;MMP2;FBLN1;FBLN2;DCN;COL1A1;COL3A1;COL1A2;CTSK;COL6A2;TIMP2;COL6A3;FBN1
Cluster 16,Reactome_Pathways_2024,Degradation of the Extracellular Matrix,10/140,6.08969424257586e-16,3.4711257182682394e-14,0,0,101.76923076923076,3565.4609431701588,COL1A1;COL3A1;COL1A2;CTSK;MMP2;COL6A2;TIMP2;COL6A3;DCN;FBN1
Cluster 16,Reactome_Pathways_2024,ECM Proteoglycans,8/76,3.053753712205564e-14,1.1604264106381145e-12,0,0,137.76470588235293,4287.212813965678,COL1A1;COL3A1;TNXB;SPARC;COL1A2;COL6A2;COL6A3;DCN
Cluster 16,Reactome_Pathways_2024,Collagen Degradation,7/64,1.1248896508281704e-12,3.205935504860286e-11,0,0,135.89278752436647,3738.863946676007,COL1A1;COL3A1;COL1A2;CTSK;MMP2;COL6A2;COL6A3
Cluster 17,Reactome_Pathways_2024,FASTK Family Proteins Regulate Processing and Stability of Mitochondrial RNAs,11/19,6.53756987075533e-29,4.968553101774051e-27,0,0,1961.044642857143,127266.70288005432,MT-ND6;MT-ATP6;MT-ND4L;MT-ND4;MT-ND5;MT-CO2;MT-CO3;MT-ND2;MT-CYB;MT-ND3;MT-ND1
Cluster 17,Reactome_Pathways_2024,Mitochondrial RNA Degradation,11/25,3.841592888053128e-27,1.4598052974601887e-25,0,0,1120.2602040816328,68138.60629528374,MT-ND6;MT-ATP6;MT-ND4L;MT-ND4;MT-ND5;MT-CO2;MT-CO3;MT-ND2;MT-CYB;MT-ND3;MT-ND1
Cluster 17,Reactome_Pathways_2024,tRNA Processing in the Mitochondrion,11/42,3.650458399219551e-24,9.247827944689531e-23,0,0,505.4930875576037,27280.04123873019,MT-ND6;MT-ATP6;MT-ND4L;MT-ND4;MT-ND5;MT-CO2;MT-CO3;MT-ND2;MT-CYB;MT-ND3;MT-ND1
Cluster 17,Reactome_Pathways_2024,rRNA Processing in the Mitochondrion,10/38,5.378243913995917e-22,1.021866343659224e-20,0,0,474.9285714285714,23259.394134837523,MT-ATP6;MT-ND4L;MT-ND4;MT-ND5;MT-CO2;MT-CO3;MT-ND2;MT-CYB;MT-ND3;MT-ND1
Cluster 17,Reactome_Pathways_2024,tRNA Processing,11/146,8.731222427989833e-18,1.3271458090544546e-16,0,0,115.47089947089948,4535.653778324783,MT-ND6;MT-ATP6;MT-ND4L;MT-ND4;MT-ND5;MT-CO2;MT-CO3;MT-ND2;MT-CYB;MT-ND3;MT-ND1
Cluster 18,MSigDB_Hallmark_2020,Epithelial Mesenchymal Transition,7/200,3.714405767502132e-09,4.8287274977527725e-08,0,0,39.86010362694301,773.726349969078,ACTA2;TAGLN;COL4A2;CALD1;TPM2;MGP;MYL9
Cluster 18,MSigDB_Hallmark_2020,Myogenesis,6/200,1.4021228325364553e-07,9.11379841148696e-07,0,0,32.199131850244164,508.1057862758166,TAGLN;COL4A2;TPM2;IGFBP7;CLU;SOD3
Cluster 18,Reactome_Pathways_2024,Smooth Muscle Contraction,4/44,2.491171863618012e-07,3.138876548158694e-05,0,0,94.92857142857144,1443.4214343197866,ACTA2;CALD1;TPM2;MYL9
Cluster 18,MSigDB_Hallmark_2020,Coagulation,3/138,0.0006614309619380952,0.002866200835065,0,0,20.04040404040404,146.71790113572314,PECAM1;A2M;CLU
Cluster 18,Reactome_Pathways_2024,Muscle Contraction,4/204,0.00011238455887210676,0.0070802272089427,0,0,18.83333333333333,171.26249878954266,ACTA2;CALD1;TPM2;MYL9
Cluster 19,Reactome_Pathways_2024,Smooth Muscle Contraction,10/44,2.8115654265078973e-21,1.7712862186999752e-19,0,0,391.0,18502.33330354497,ACTA2;CALD1;TPM2;TPM1;LMOD1;MYH11;SORBS1;MYL9;ACTG2;MYLK
Cluster 19,Reactome_Pathways_2024,Muscle Contraction,13/204,4.103045057958749e-20,1.292459193257006e-18,0,0,112.2129144851658,5009.18141280945,TPM2;TPM1;LMOD1;SORBS1;ACTG2;SLC8A1;MYLK;ACTA2;PLN;DES;CALD1;MYH11;MYL9
Cluster 19,GO_Biological_Process_2025,Muscle Contraction (GO:0006936),8/97,2.303697700127554e-13,6.703760307371181e-11,0,0,105.14738929279576,3059.693415926617,SMTN;DES;TPM2;TPM1;LMOD1;MYH11;SLC8A1;MYLK
Cluster 19,MSigDB_Hallmark_2020,Myogenesis,8/200,8.122899910493494e-11,4.4675949507714223e-10,0,0,48.48774509803921,1126.552089519398,TAGLN;SMTN;DES;TPM2;MYH11;CKB;SORBS1;MYLK
Cluster 19,MSigDB_Hallmark_2020,Epithelial Mesenchymal Transition,8/200,8.122899910493494e-11,4.4675949507714223e-10,0,0,48.48774509803921,1126.552089519398,ACTA2;TAGLN;CALD1;TPM2;TPM1;FLNA;MYL9;MYLK
Cluster 2,Reactome_Pathways_2024,Linoleic Acid (LA) Metabolism,5/8,1.1130265032515444e-13,8.013790823411119e-12,0,0,1664.3333333333333,49641.27698635535,FADS2;ACSL1;ELOVL5;ELOVL3;FADS1
Cluster 2,Reactome_Pathways_2024,Alpha-Linolenic (Omega3) and Linoleic (Omega6) Acid Metabolism,5/13,2.547543826798309e-12,6.114105184315942e-11,0,0,623.96875,16657.402003289033,FADS2;ACSL1;ELOVL5;ELOVL3;FADS1
Cluster 2,Reactome_Pathways_2024,Alpha-Linolenic Acid (ALA) Metabolism,5/13,2.547543826798309e-12,6.114105184315942e-11,0,0,623.96875,16657.402003289033,FADS2;ACSL1;ELOVL5;ELOVL3;FADS1
Cluster 2,Reactome_Pathways_2024,Fatty Acid Metabolism,8/176,2.9172582208147366e-11,5.251064797466527e-10,0,0,55.48179271708683,1345.865777156036,FADS2;ACSL1;ELOVL5;FASN;ELOVL3;THRSP;ALOX15B;FADS1
Cluster 2,GO_Biological_Process_2025,Long-Chain fatty-acyl-CoA Metabolic Process (GO:0035336),5/23,6.605817753252543e-11,1.2945948398259824e-08,0,0,277.18055555555554,6497.246733624577,DGAT2;ACSL1;ELOVL5;ELOVL3;ACSBG1
Cluster 21,Reactome_Pathways_2024,Metabolism of Lipids,14/758,3.3925104031621014e-14,2.917558946719407e-12,0,0,32.897605083088955,1020.306757495441,DGAT2;ACSL1;INSIG1;ELOVL3;DHCR24;CYP4F8;ALOX15B;FADS2;ALDH3B2;AWAT2;FASN;THRSP;FAR2;FADS1
Cluster 21,Reactome_Pathways_2024,Metabolism,17/2181,1.8834160798245775e-11,8.098689143245684e-10,0,0,17.490006931608132,431.9218222365079,CYB5A;DGAT2;ACSL1;INSIG1;ELOVL3;MGST1;DHCR24;CYP4F8;ALOX15B;PM20D1;FADS2;ALDH3B2;AWAT2;FASN;THRSP;FAR2;FADS1
Cluster 21,Reactome_Pathways_2024,Fatty Acid Metabolism,8/176,2.9172582208147366e-11,8.362806899668913e-10,0,0,55.48179271708683,1345.865777156036,FADS2;ACSL1;FASN;ELOVL3;THRSP;CYP4F8;ALOX15B;FADS1
Cluster 21,Reactome_Pathways_2024,Linoleic Acid (LA) Metabolism,4/8,1.3238621408676816e-10,2.8463036028655157e-09,0,0,951.0,21630.77801860669,FADS2;ACSL1;ELOVL3;FADS1
Cluster 21,GO_Biological_Process_2025,Long-Chain fatty-acyl-CoA Metabolic Process (GO:0035336),5/23,6.605817753252543e-11,1.4004333636895392e-08,0,0,277.18055555555554,6497.246733624577,DGAT2;ACSL1;ELOVL3;ACSBG1;FAR2
Cluster 22,Reactome_Pathways_2024,Activation of Matrix Metalloproteinases,5/33,4.6207555106849654e-10,5.2676612821808615e-08,0,0,178.09821428571428,3828.273246801712,MMP14;CTSK;MMP2;TIMP2;TIMP1
Cluster 22,MSigDB_Hallmark_2020,Coagulation,6/138,1.5379076137690638e-08,2.768233704784315e-07,0,0,47.47129186602871,854.0207855926111,MMP14;C1S;C1R;CTSK;MMP2;TIMP1
Cluster 22,Reactome_Pathways_2024,Degradation of the Extracellular Matrix,6/140,1.676513303113264e-08,9.556125827745605e-07,0,0,46.75805184603299,837.1545013696108,MMP14;CTSK;MMP2;TIMP2;COL6A3;TIMP1
Cluster 22,MSigDB_Hallmark_2020,Epithelial Mesenchymal Transition,6/200,1.4021228325364553e-07,1.2619105492828097e-06,0,0,32.199131850244164,508.1057862758166,PDGFRB;MMP14;IGFBP4;MMP2;COL6A3;TIMP1
Cluster 22,Reactome_Pathways_2024,TGFBR3 PTM Regulation,3/11,2.8276339375392105e-07,1.0745008962649e-05,0,0,340.34659090909093,5131.9689450479145,MMP14;TIMP2;TIMP1
Cluster 3,Reactome_Pathways_2024,Epigenetic Regulation of Gene Expression by MLL3 and MLL4 Complexes,7/103,3.479239308265486e-11,8.814072914272564e-10,0,0,80.52835648148148,1939.253468659008,LIPE;FABP4;ADIPOQ;PLIN4;LPL;PLIN1;CIDEC
Cluster 3,Reactome_Pathways_2024,MLL4 and MLL3 Complexes Regulate Expression of PPARG Targets in Adipogenesis and Hepatic Steatosis,7/103,3.479239308265486e-11,8.814072914272564e-10,0,0,80.52835648148148,1939.253468659008,LIPE;FABP4;ADIPOQ;PLIN4;LPL;PLIN1;CIDEC
Cluster 3,Reactome_Pathways_2024,Epigenetic Regulation of Adipogenesis Genes by MLL3 and MLL4 Complexes,7/103,3.479239308265486e-11,8.814072914272564e-10,0,0,80.52835648148148,1939.253468659008,LIPE;FABP4;ADIPOQ;PLIN4;LPL;PLIN1;CIDEC
Cluster 3,Reactome_Pathways_2024,Epigenetic Regulation by WDR5-containing Histone Modifying Complexes,7/135,2.3702161246683556e-10,4.503410636869877e-09,0,0,60.299045138888886,1336.399885700139,LIPE;FABP4;ADIPOQ;PLIN4;LPL;PLIN1;CIDEC
Cluster 3,Reactome_Pathways_2024,Epigenetic Regulation of Gene Expression,7/291,4.932803476552174e-08,7.29669654417426e-07,0,0,26.963419405320813,453.6534178363135,LIPE;FABP4;ADIPOQ;PLIN4;LPL;PLIN1;CIDEC
Cluster 5,Reactome_Pathways_2024,Formation of the Cornified Envelope,7/129,1.7194477581754977e-10,2.4244213390274524e-08,0,0,63.283697632058285,1422.8610233438426,FLG;DSP;PERP;KRT1;KRT14;KRT10;KRT5
Cluster 5,Reactome_Pathways_2024,Regulation of MITF-M-dependent Genes Involved in Pigmentation,5/42,1.6438380092517895e-09,8.871935158467794e-08,0,0,134.71621621621622,2724.8014540863,PMEL;DCT;MLANA;TYRP1;TYR
Cluster 5,Reactome_Pathways_2024,Developmental Biology,13/1385,1.887645778397403e-09,8.871935158467794e-08,0,0,14.68895772594752,295.07083395385393,FLG;DSP;PMEL;TYRP1;KRT1;KRT10;KRT5;TYR;EDNRB;DCT;MLANA;PERP;KRT14
Cluster 5,Reactome_Pathways_2024,Keratinization,7/217,6.541762924014001e-09,2.3059714307149355e-07,0,0,36.601851851851855,689.7640630582065,FLG;DSP;PERP;KRT1;KRT14;KRT10;KRT5
Cluster 5,GO_Biological_Process_2025,Epidermis Development (GO:0008544),6/86,8.780237357715091e-10,2.976500464265417e-07,0,0,78.53289473684211,1637.673743244835,COL17A1;KRTDAP;DCT;KRT14;KRT10;KRT5
Cluster 6,Reactome_Pathways_2024,FASTK Family Proteins Regulate Processing and Stability of Mitochondrial RNAs,6/19,5.350369379040168e-14,8.025554068560249e-12,0,0,484.9068825910931,14818.281887489742,MT-ATP6;MT-ND4L;MT-CO3;MT-ND2;MT-CYB;MT-ND1
Cluster 6,Reactome_Pathways_2024,Mitochondrial RNA Degradation,6/25,3.475515269351188e-13,2.6066364520133907e-11,0,0,331.6786703601108,9515.152408531349,MT-ATP6;MT-ND4L;MT-CO3;MT-ND2;MT-CYB;MT-ND1
Cluster 6,Reactome_Pathways_2024,rRNA Processing in the Mitochondrion,6/38,5.360978678314792e-12,2.680489339157396e-10,0,0,196.8059210526316,5107.482577451804,MT-ATP6;MT-ND4L;MT-CO3;MT-ND2;MT-CYB;MT-ND1
Cluster 6,Reactome_Pathways_2024,tRNA Processing in the Mitochondrion,6/42,1.0153794039538288e-11,3.8076727648268576e-10,0,0,174.90350877192984,4427.362895360101,MT-ATP6;MT-ND4L;MT-CO3;MT-ND2;MT-CYB;MT-ND1
Cluster 6,Reactome_Pathways_2024,tRNA Processing,6/146,2.155705679693541e-08,6.467117039080624e-07,0,0,44.7406015037594,789.7862693627031,MT-ATP6;MT-ND4L;MT-CO3;MT-ND2;MT-CYB;MT-ND1
Cluster 7,Reactome_Pathways_2024,Formation of the Cornified Envelope,14/129,4.3738929375064465e-25,3.3241586325049e-23,0,0,219.7944664031621,12328.046085037467,FLG;DSP;CSTA;KRT80;JUP;KRT1;SPINK5;KLK5;KRT10;LCE1C;CASP14;PERP;DSG1;DSC1
Cluster 7,Reactome_Pathways_2024,Keratinization,14/217,8.2235289266703615e-22,3.124940992134737e-20,0,0,123.96238244514106,6018.357877273504,FLG;DSP;CSTA;KRT80;JUP;KRT1;SPINK5;KLK5;KRT10;LCE1C;CASP14;PERP;DSG1;DSC1
Cluster 7,GO_Biological_Process_2025,Epidermis Development (GO:0008544),7/86,9.562635155998516e-12,1.243142570279807e-09,0,0,97.9409282700422,2485.070626400955,KRTDAP;CASP14;FLG2;CALML5;SPINK5;KLK5;KRT10
Cluster 7,Reactome_Pathways_2024,Developmental Biology,14/1385,1.181785391954029e-10,2.99385632628354e-09,0,0,17.270472780319608,394.7827078877893,FLG;DSP;CSTA;KRT80;JUP;KRT1;SPINK5;KLK5;KRT10;LCE1C;CASP14;PERP;DSG1;DSC1
Cluster 7,GO_Biological_Process_2025,Peptide Cross-Linking (GO:0018149),4/21,1.1196975358796955e-08,7.278033983218021e-07,0,0,223.6190476190476,4093.933029881835,FLG;CSTA;KRT1;KRT10
Cluster 8,MSigDB_Hallmark_2020,Allograft Rejection,7/200,3.714405767502132e-09,5.943049228003412e-08,0,0,39.86010362694301,773.726349969078,SRGN;CD74;STAT1;IRF4;ETS1;B2M;CTSS
Cluster 8,Reactome_Pathways_2024,Immune System,15/2150,3.228606204625149e-09,5.585488734001508e-07,0,0,12.533957845433257,245.054108502944,IL32;CD74;WIPF1;STAT1;S100A1;TRAC;PTPRJ;LYZ;CTSS;BST2;IRF4;COTL1;LCP1;B2M;CLEC2D
Cluster 8,MSigDB_Hallmark_2020,Interferon Gamma Response,6/200,1.4021228325364553e-07,1.1216982660291642e-06,0,0,32.199131850244164,508.1057862758166,BST2;CD74;STAT1;IRF4;B2M;PSMB9
Cluster 8,MSigDB_Hallmark_2020,KRAS Signaling Up,5/200,4.294348465832447e-06,2.2903191817773048e-05,0,0,25.35897435897436,313.3915485176811,LAPTM5;CXCR4;LCP1;ETS1;CTSS
Cluster 8,MSigDB_Hallmark_2020,Interferon Alpha Response,4/97,6.081445717883259e-06,2.432578287153304e-05,0,0,40.72094214029698,489.0694327033256,BST2;CD74;B2M;PSMB9
Cluster 9,Reactome_Pathways_2024,Collagen Degradation,9/64,3.836939869529145e-17,5.2949770199502186e-15,0,0,203.72727272727272,7700.742481748068,COL17A1;COL1A1;MMP14;COL5A1;CTSK;COL6A2;COL6A1;COL5A2;COL6A3
Cluster 9,Reactome_Pathways_2024,Degradation of the Extracellular Matrix,10/140,6.08969424257586e-16,4.2018890273773424e-14,0,0,101.76923076923076,3565.4609431701588,COL17A1;COL1A1;MMP14;COL5A1;CTSK;COL6A2;COL6A1;COL5A2;HTRA1;COL6A3
Cluster 9,MSigDB_Hallmark_2020,Epithelial Mesenchymal Transition,10/200,2.287342265047557e-14,4.574684530095116e-13,0,0,69.42105263157895,2180.4320093563606,PDGFRB;COL1A1;MMP14;COL5A1;LUM;COL6A2;COL5A2;HTRA1;COL6A3;THBS2
Cluster 9,Reactome_Pathways_2024,Extracellular Matrix Organization,11/300,2.6632795034284855e-14,1.2251085715771034e-12,0,0,53.52100840336134,1672.8865197278617,COL17A1;COL1A1;MMP14;COL5A1;LUM;CTSK;COL6A2;COL6A1;COL5A2;HTRA1;COL6A3
Cluster 9,Reactome_Pathways_2024,Collagen Chain Trimerization,7/44,7.048901596051694e-14,2.4318710506378346e-12,0,0,209.55855855855856,6346.128782622597,COL17A1;COL1A1;COL5A1;COL6A2;COL6A1;COL5A2;COL6A3
