cluster,score_nevus_associated,score_melanoma_associated,skews_toward,skew_z_margin
Cluster 0,0.07253490526513712,-0.016478080865058378,melanoma-M1-associated,0.743665790034242
Cluster 1,0.06269212118865125,-0.01899251080420196,melanoma-M1-associated,0.7684641933552917
Cluster 2,0.19867756301207426,-0.0722523612808121,nevus-associated,3.1499362717561503
Cluster 3,0.07915152051551794,-0.0163699344458191,melanoma-M1-associated,0.6627062981124958
Cluster 4,0.05096496154892226,-0.012374814932841082,melanoma-M1-associated,1.1886516993848026
Cluster 5,-0.0007990889749762874,0.005840986960734486,melanoma-M1-associated,2.596597971160935
Cluster 6,0.32931291891304937,-0.06747578501577842,nevus-associated,4.641030883936481
Cluster 7,-0.04997667334653604,-0.010986800511664284,melanoma-M1-associated,2.5471948931840256
Cluster 8,0.008893849870987697,0.0106992129640863,melanoma-M1-associated,2.668971901793513
Cluster 9,0.08071065606881353,-0.051323372972570634,nevus-associated,0.7777272936478394
Cluster 10,0.07512996377873514,-0.018663793851372634,melanoma-M1-associated,0.6213739859801609
Cluster 11,0.08173345370840565,-0.01643724235421048,melanoma-M1-associated,0.626664464070829
Cluster 12,0.0635731205022127,-0.013758793270637412,melanoma-M1-associated,0.9697696421264845
Cluster 13,0.11100012617298138,-0.025147662461643357,nevus-associated,0.10481894457776861
Cluster 14,0.08759570366085377,-0.01801829591352622,melanoma-M1-associated,0.4867961902513476
Cluster 15,0.03739494501398775,-0.0689346484372156,nevus-associated,0.9345849872452477
Cluster 16,0.15535729947961605,-0.02534328616051442,nevus-associated,0.6849732171176213
Cluster 17,0.1228971299080776,-0.04360578072802704,nevus-associated,1.0083288791848402
Cluster 18,0.1883371389787395,-0.06336059850987563,nevus-associated,2.6552316630432102
Cluster 19,0.11883679450424126,-0.04390661275036054,nevus-associated,0.9681749735525434
Cluster 20,0.029306817598443384,-0.007035120501590028,melanoma-M1-associated,1.6850172293853203
Cluster 21,0.09583309804345512,-0.054369659430010375,nevus-associated,1.0965907805712665
Cluster 22,0.1385023200297222,-0.0026269969629516663,melanoma-M1-associated,0.45552363579352684
