cluster,n_spots,top_library_frac,top_library,n_patients_present,top_patient_frac
Cluster 0,2042,0.1909892262487757,B8,16,0.1909892262487757
Cluster 1,2283,0.3937801138852387,A34,16,0.3937801138852387
Cluster 2,1734,0.6066897347174164,B38ex,11,0.6314878892733564
Cluster 3,2460,0.4089430894308943,A16,16,0.4089430894308943
Cluster 4,2450,0.3742857142857143,B8,15,0.3742857142857143
Cluster 5,3934,0.20437214031520082,A34,18,0.20437214031520082
Cluster 6,1861,0.3799032778076303,B15,17,0.3799032778076303
Cluster 7,4148,0.09233365477338476,B13,18,0.09233365477338476
Cluster 8,2224,0.25314748201438847,B1,17,0.25314748201438847
Cluster 9,965,0.3626943005181347,B4,11,0.3626943005181347
Cluster 10,569,0.29525483304042177,B13,15,0.29525483304042177
Cluster 11,2624,0.2191310975609756,A16,17,0.2191310975609756
Cluster 12,2119,0.3492213308164228,B8,17,0.3492213308164228
Cluster 13,3034,0.3612392880685564,A22,15,0.3612392880685564
Cluster 14,1307,0.19969395562356543,B8,17,0.19969395562356543
Cluster 15,838,0.18854415274463007,A23,16,0.18854415274463007
Cluster 16,8000,0.425375,B4,18,0.425375
Cluster 17,4124,0.45586808923375366,A22,17,0.45586808923375366
Cluster 18,1461,0.3025325119780972,A16,17,0.3025325119780972
Cluster 19,743,0.126514131897712,B8,18,0.126514131897712
Cluster 20,1665,0.43963963963963965,B8,12,0.43963963963963965
Cluster 21,1938,0.14499484004127966,A2,17,0.14499484004127966
Cluster 22,3335,0.623688155922039,B1,12,0.623688155922039
Cluster 23,1713,0.997081144191477,A24,2,0.997081144191477
Cluster 24,354,1.0,A22,1,1.0
Cluster 25,59,0.8813559322033898,B8,3,0.8813559322033898
