cluster,melanocytic,keratinocyte,T_cell,myeloid,B_plasma,endothelial,fibroblast_stroma,smooth_muscle
Cluster 0,-0.1224084636836946,0.1462065521656124,0.0002239419666334495,-0.03025366683509122,-0.00262442987279646,-0.04173043603469763,2.1975945168961273,0.08510825542076884
Cluster 1,-0.33696654940868137,1.611601389001466,-0.031138911443303004,-0.3028531112022788,-0.021905136642699382,-0.2243228124290953,1.192511149472082,-0.014134233812159079
Cluster 2,-0.49239820327633255,1.102346180294229,0.026211548364352077,-0.1618213953606008,0.0005964272569754696,0.03449448902009543,1.8905308780436767,0.1200465886860547
Cluster 3,-0.1405534043314618,0.2320552618876705,-0.011149319207119101,-0.09596885769509365,-0.00625362623900902,0.08483881082331263,0.9867791788476269,0.2002005015300042
Cluster 4,-0.08697481163824447,0.14140320616400973,-0.0016400624331973852,-0.06928250573492374,-0.002855410306794303,-0.05505677465905949,1.8269839961703942,0.04796057322128019
Cluster 5,0.7581334254732524,2.407733848282379,-0.03298465502488625,-0.19285682552784034,-0.021753681942412097,-0.46091901127936485,1.0015285943956296,-0.2690145421423322
Cluster 6,1.3392327253846539,-0.22865670023242804,-0.03470252899687584,-0.2671866664901902,-0.023642887738674276,-0.3474826427802548,1.03894583588427,-0.11686863070588771
Cluster 7,0.40141429442835375,3.4708501584109603,-0.08469896944830979,-0.532061079144406,-0.04025925333976443,-0.6484676010563445,0.2145308449304606,-0.5303554081842995
Cluster 8,0.7382098415080883,-0.24651610175660216,0.3161243817067428,0.3310002801423709,0.1600649904128392,-0.24982354035691473,1.175724728653549,-0.35296533261975344
Cluster 9,-0.47645068793854084,1.9105363064647647,0.03389915094865625,0.005151047970526986,0.054711084199152465,-0.25641051599977854,2.654325084219788,-0.11137882702404708
Cluster 10,-0.23063355061050989,0.1201561009737226,0.04685887726134002,0.09960509907521906,0.05216145180021732,0.031707996628615474,1.6857988522425686,0.14200800340684497
Cluster 11,-0.1544296359455194,0.15478437396947567,0.00029067964527786257,-0.02736153484541711,-0.00213287142900432,-0.06403166024559519,2.412512745772738,0.06374506710175665
Cluster 12,-0.07529179068097804,0.13072952698063545,0.0005516249969993084,-0.04707300626877177,-0.005487640912153632,-0.07814712525201666,2.308857666480198,0.05760016712818103
Cluster 13,0.28804288616990364,1.6895166703369087,0.03142699668650096,-0.0720014048449145,-0.02118323869848924,-0.21524106732440096,2.0709192221436648,-0.16327986078761111
Cluster 14,-0.12599068641972155,0.1471612113381308,-0.002648109312843103,-0.07459019647055637,-0.0038584277864561734,-0.10609740819744964,2.7834401524367913,0.09083868295434987
Cluster 15,-0.30135205530092424,1.9178546660649534,-0.0515386176132134,-0.5419631208626845,-0.03506573256591221,-0.6242180245616394,0.4521718338186139,-0.4488616566897151
Cluster 16,-0.344669987299489,0.02070915959894657,-0.027619080704165,-0.015575242758765817,-0.013379897663171093,-0.19532290090035648,3.228653555986732,0.0073057025259718154
Cluster 17,-0.361674870773079,0.7287955296697921,-0.034364765435806514,-0.2427453410738192,-0.021093165057494805,-0.05276962385777561,1.9102705195397645,0.3667201862939169
Cluster 18,-0.48005726842205976,-0.35074551331964277,-0.029902714049465276,0.008965460479160896,-0.03006005122796969,0.6889181776059705,1.9663431874169504,1.1152849046415552
Cluster 19,-0.3422764582031467,-0.06985267043033486,-0.03983866578784423,-0.14837337234700512,-0.01040137259013025,-0.18613083047549142,1.7381773279292425,2.427100329756573
Cluster 20,-0.06289333995929655,-0.03090677805992218,0.004016320624509015,-0.03703461826217544,-0.0019174480674503086,-0.04833092343270241,1.5008380531856607,0.08318755578151496
Cluster 21,-0.35746386280034936,1.1800761654769658,-0.030383440678581047,-0.35094112226618424,-0.015419174614783709,-0.31601732332670773,0.8254470864826404,-0.03344022976455612
Cluster 22,-0.2923659480279782,-0.28725363443119417,0.05159691391112297,0.4232347297086038,0.10609062365127885,0.017556424020983646,2.6732601153835365,0.15460951759658226
