library,distance,cooccurrence_enrichment_score
A7,741.4264,0.9135281385281385
A7,1025.8615,1.155833935597848
A7,1310.2966,1.2481143629865739
A7,1594.7317,1.2929924941209145
A7,1879.1667,1.3200431470953566
A7,2163.602,1.3281810593086256
A7,2448.037,1.3399827276814824
A7,2732.4722,1.335895550280316
A7,3016.9072,1.3378969073523341
A7,3301.3423,1.3465767436685099
A7,3585.7776,1.345835493596414
A7,3870.2126,1.343100592136068
A7,4154.648,1.3395268456348368
A7,4439.083,1.331124703195853
A7,4723.518,1.320802325000189
A7,5007.953,1.3181909818959114
A7,5292.388,1.3134911625966963
A7,5576.823,1.311495787359613
A7,5861.2583,1.3131154372528795
A7,6145.6934,1.3314495139907683
A7,6430.129,1.3469405888214032
A7,6714.564,1.3616031069974577
A7,6998.999,1.364998025284706
A7,7283.434,1.3799474015016677
A7,7567.869,1.3800316211708505
A7,7852.304,1.379583075900565
A7,8136.7393,1.3823153171687805
A7,8421.175,1.3798431985982098
A7,8705.609,1.3715294326600669
A7,8990.045,1.3579239724522103
A7,9274.4795,1.3448846986414333
A7,9558.915,1.3392217292706416
A7,9843.351,1.3225701504756666
A7,10127.785,1.309251344115505
A7,10412.221,1.3014663445742438
A7,10696.655,1.2930600559662613
A7,10981.091,1.2782777527520037
A7,11265.525,1.2647856553322052
A7,11549.961,1.2544504402692447
A7,11834.3955,1.2482125595903633
A7,12118.831,1.2323407900971854
A7,12403.267,1.2224533488928864
A7,12687.701,1.2130491363985416
A7,12972.137,1.2042266111247935
A7,13256.571,1.1935843116843148
A7,13541.007,1.1809547342029727
A7,13825.441,1.1771899501185
A7,14109.877,1.1727339504800813
A7,14394.3125,1.1642974728897173
A16,578.5303,2.0414482326724444
A16,884.4198,2.5076986707924855
A16,1190.3092,3.036054578393218
A16,1496.1987,3.301971744674271
A16,1802.0883,3.4484450013999766
A16,2107.9778,3.503562891463169
A16,2413.8674,3.5676184842001235
A16,2719.7568,3.5883954515491117
A16,3025.6462,3.550859618493216
A16,3331.536,3.4948265873024695
A16,3637.4253,3.4321324028519147
A16,3943.3147,3.358704063269849
A16,4249.204,3.2770430812149103
A16,4555.0938,3.1956006266443633
A16,4860.983,3.1269665182194575
A16,5166.8726,3.05786718719519
A16,5472.762,2.963802417553365
A16,5778.6514,2.888476694080507
A16,6084.541,2.7979346967066254
A16,6390.4307,2.7249010759402856
A16,6696.32,2.6236019208934485
A16,7002.2095,2.5321254528401695
A16,7308.099,2.4565771427009455
A16,7613.9883,2.354977457009037
A16,7919.878,2.2539841561195013
A16,8225.768,2.1504059047127546
A16,8531.657,2.058386531746207
A16,8837.547,1.959337086643756
A16,9143.436,1.8614430709408678
A16,9449.325,1.7713465576194996
A16,9755.215,1.6786104171964669
A16,10061.1045,1.6059242273781282
A16,10366.994,1.5276396896699844
A16,10672.884,1.4627838340664034
A16,10978.773,1.4052238754353499
A16,11284.662,1.3568164290261733
A16,11590.552,1.3113980571720645
A16,11896.441,1.273970743539345
A16,12202.331,1.2376857071990037
A16,12508.221,1.2054020899397777
A16,12814.11,1.1776899005462869
A16,13119.999,1.1492524919058347
A16,13425.889,1.124519516765861
A16,13731.778,1.1058151134993235
A16,14037.668,1.0839942899927257
A16,14343.558,1.0659261172939989
A16,14649.447,1.0509262165101956
A16,14955.336,1.0366832644401962
A16,15261.227,1.02078672055962
A21,581.59717,0.08361167670484203
A21,822.3468,0.08704162283186317
A21,1063.0964,0.10068821165932451
A21,1303.8462,0.10403234735309592
A21,1544.5957,0.11206646488884796
A21,1785.3455,0.11969302395122243
A21,2026.0952,0.12509317279575874
A21,2266.8447,0.1375200346211062
A21,2507.5945,0.14481237881145617
A21,2748.344,0.15385102575923149
A21,2989.0938,0.16258138453382953
A21,3229.8435,0.1706894516127704
A21,3470.593,0.18829572226663432
A21,3711.3428,0.20349016740436252
A21,3952.0923,0.2240975681623703
A21,4192.8423,0.2435456094289393
A21,4433.592,0.26093411402688105
A21,4674.342,0.2821893533645876
A21,4915.0913,0.307334099244857
A21,5155.841,0.333056187263018
A21,5396.591,0.34899569138316977
A21,5637.3403,0.3701265031748327
A21,5878.09,0.38334334852696406
A21,6118.84,0.40035160722850616
A21,6359.5894,0.4190449305618839
A21,6600.339,0.43650552995188485
A21,6841.0884,0.45248484475894896
A21,7081.8384,0.46970172919077485
A21,7322.588,0.4816719211816776
A21,7563.3374,0.5006268981122403
A21,7804.0874,0.5151522991260548
A21,8044.837,0.5338241946844648
A21,8285.586,0.5537551946231516
A21,8526.336,0.567423237992185
A21,8767.086,0.5882038071710993
A21,9007.836,0.6017916557937644
A21,9248.585,0.6220760576330262
A21,9489.335,0.6375528806104551
A21,9730.085,0.6579604943531487
A21,9970.834,0.6742391657537559
A21,10211.584,0.6868894840341861
A21,10452.334,0.7044623831877816
A21,10693.083,0.7170564735280783
A21,10933.833,0.7335298919649806
A21,11174.583,0.745204128736389
A21,11415.332,0.7585351556933221
A21,11656.082,0.7708487797753322
A21,11896.832,0.7829951802133945
A21,12137.581,0.7945091781070329
B13,733.5366,1.6914989004659928
B13,1128.3269,1.0725469307378175
B13,1523.1173,0.8321326143851657
B13,1917.9077,0.5954649463878848
B13,2312.6982,0.4955326395319689
B13,2707.4883,0.3769027262996683
B13,3102.2788,0.32055545863413193
B13,3497.0693,0.2942381200098927
B13,3891.8594,0.26906483048274304
B13,4286.65,0.2568819777390758
B13,4681.4404,0.2375002791085397
B13,5076.2305,0.2149776770219536
B13,5471.021,0.1959156214796818
B13,5865.8115,0.17924082274591605
B13,6260.6016,0.17005057527377154
B13,6655.392,0.15980783858937184
B13,7050.1826,0.15023205699183623
B13,7444.9727,0.14522099750081824
B13,7839.763,0.13720625219587956
B13,8234.554,0.1286394045887643
B13,8629.344,0.12764275931160543
B13,9024.135,0.12498580325387477
B13,9418.925,0.13132800696715044
B13,9813.715,0.13647039833575983
B13,10208.506,0.13274512740389205
B13,10603.296,0.13319065085200182
B13,10998.086,0.13365362944398393
B13,11392.877,0.1293714296204835
B13,11787.667,0.1264590364452978
B13,12182.457,0.12781954460269887
B13,12577.248,0.13612387160117284
B13,12972.038,0.15250700904422643
B13,13366.828,0.18396001293725409
B13,13761.619,0.2084029691673109
B13,14156.409,0.24039830012628208
B13,14551.199,0.28205493266966547
B13,14945.99,0.3149352250598497
B13,15340.78,0.3376695428069238
B13,15735.57,0.3632964729993308
B13,16130.361,0.38291740489703646
B13,16525.152,0.39604367104155674
B13,16919.941,0.4081504121007475
B13,17314.732,0.41973157928314136
B13,17709.523,0.42485898718475823
B13,18104.312,0.4331593881105173
B13,18499.104,0.44060304077891715
B13,18893.895,0.4441995641511535
B13,19288.684,0.4556189483905387
B13,19683.475,0.4655923452901985
B38_2,502.2772,2.5706517662941573
B38_2,663.4386,2.6948601171112556
B38_2,824.6,2.63104201769166
B38_2,985.76135,2.4550022053354468
B38_2,1146.9227,2.465272956362982
B38_2,1308.0841,2.223746131861634
B38_2,1469.2455,2.173375925991108
B38_2,1630.4069,2.0627375035369826
B38_2,1791.5682,2.0166807154823014
B38_2,1952.7296,1.91685145793679
B38_2,2113.8909,1.9365250089150268
B38_2,2275.0522,1.9945726616996848
B38_2,2436.2136,1.949945363628135
B38_2,2597.375,2.0387786519493587
B38_2,2758.5364,1.9854208629888335
B38_2,2919.6978,2.086298006408376
B38_2,3080.8591,2.032720306362845
B38_2,3242.0205,2.1002263822196015
B38_2,3403.182,2.0994257465176673
B38_2,3564.3433,2.0833938066259114
B38_2,3725.5046,2.111104239165403
B38_2,3886.666,2.1237816291376728
B38_2,4047.8274,2.147844305088317
B38_2,4208.989,2.167232361512854
B38_2,4370.1504,2.1885443913854092
B38_2,4531.3115,2.2139724556139453
B38_2,4692.473,2.224398056834846
B38_2,4853.6343,2.239213967463002
B38_2,5014.7954,2.2522140673039783
B38_2,5175.957,2.249003269973945
B38_2,5337.1187,2.255402546037945
B38_2,5498.28,2.2314997595712125
B38_2,5659.441,2.2082556209860673
B38_2,5820.6025,2.199172496570288
B38_2,5981.764,2.1710171313482207
B38_2,6142.9253,2.156987229996301
B38_2,6304.0864,2.1028053714414625
B38_2,6465.248,2.081421280225182
B38_2,6626.4097,2.0499983960296726
B38_2,6787.571,2.0268475052214887
B38_2,6948.732,1.9874912970400676
B38_2,7109.8936,1.9492660942939752
B38_2,7271.055,1.9253984924790135
B38_2,7432.2163,1.8857303561737095
B38_2,7593.3774,1.8564877369994321
B38_2,7754.539,1.8123527952257261
B38_2,7915.7007,1.7708847158002916
B38_2,8076.862,1.7160398088407114
B38_2,8238.023,1.6816178820259298
D20,640.14935,0.4339477451682176
D20,893.0365,0.6233113950187121
D20,1145.9237,0.7296317434836199
D20,1398.8108,0.8776541165011474
D20,1651.698,0.8835635576009169
D20,1904.5852,0.9667518805226449
D20,2157.4722,1.0737083998270622
D20,2410.3594,1.10106054471016
D20,2663.2466,1.1485821804484262
D20,2916.1338,1.1988599499739603
D20,3169.021,1.255139864757455
D20,3421.9082,1.2676659092492564
D20,3674.7954,1.278820906184484
D20,3927.6824,1.288965050682093
D20,4180.5693,1.2872913803336656
D20,4433.4565,1.2790838462368495
D20,4686.3438,1.2786093002941479
D20,4939.231,1.2656194861978654
D20,5192.118,1.250777264615306
D20,5445.0054,1.2346770548815318
D20,5697.8926,1.2270411562682022
D20,5950.78,1.2140270391884653
D20,6203.667,1.2041429795420966
D20,6456.554,1.1993705691164795
D20,6709.4414,1.1968014537658846
D20,6962.3286,1.194392394483827
D20,7215.2153,1.193967860752091
D20,7468.1025,1.1952546571559097
D20,7720.9897,1.193993069849063
D20,7973.877,1.1957197437071532
D20,8226.764,1.1969678969921667
D20,8479.651,1.198139714747821
D20,8732.538,1.1971085895615852
D20,8985.425,1.1968791903618317
D20,9238.3125,1.1961935940652888
D20,9491.199,1.1927242433467877
D20,9744.087,1.1883773752705316
D20,9996.974,1.182655405459597
D20,10249.861,1.176720405308453
D20,10502.748,1.1689214756916344
D20,10755.636,1.1623379972687844
D20,11008.522,1.1527946216409075
D20,11261.409,1.1438106000188348
D20,11514.297,1.1343802265121012
D20,11767.184,1.1271365406743576
D20,12020.071,1.1184942813055294
D20,12272.958,1.1079108651325404
D20,12525.846,1.099231073789576
D20,12778.732,1.0924463622913159
