direction,Gene_set,Term,Overlap,P-value,Adjusted P-value,Old P-value,Old Adjusted P-value,Odds Ratio,Combined Score,Genes
up_in_tumour_infiltrated,MSigDB_Hallmark_2020,Allograft Rejection,21/200,3.520564842263365e-22,1.020963804256376e-20,0,0,29.286542677321265,1446.7039744574784,SRGN;CD74;SPI1;FYB1;STAT1;ITGB2;TAP2;THY1;CTSS;PSMB10;C2;CD4;CCL5;STAB1;IRF8;HCLS1;LCP2;LTB;CCL19;GBP2;B2M
up_in_tumour_infiltrated,Reactome_Pathways_2024,Immune System,47/2150,4.999430786400834e-20,1.8697871141139126e-17,0,0,7.504633990974259,333.52377905243844,C1QB;CSF1R;C1QA;CIITA;WIPF1;TRAC;ITGB2;NLRC5;IFI30;SAMHD1;CTSS;C2;C3;IGHG1;CASP8;IGKC;CCL5;TRBC1;COTL1;RAC2;CD14;CCL19;GBP2;B2M;TRIM22;CD53;IL32;CD74;FCER1G;STAT1;IL10RA;TAP2;CYBB;CYBA;BTN3A2;LYZ;CD4;IRF1;PECAM1;IRF8;LCP2;LCP1;LTB;CD68;CLEC2D;LGMN;C1QC
up_in_tumour_infiltrated,MSigDB_Hallmark_2020,Interferon Gamma Response,18/200,6.892080606864378e-18,9.993516879953347e-17,0,0,23.78209595282766,939.7770769293176,CD74;CIITA;STAT1;IL10RA;TNFAIP2;NLRC5;IFI30;PARP14;SAMHD1;PSMB10;PSMB9;CASP8;APOL6;IRF1;CCL5;IRF8;LCP2;B2M
up_in_tumour_infiltrated,MSigDB_Hallmark_2020,KRAS Signaling Up,12/200,3.4946198147620594e-10,3.378132487603324e-09,0,0,14.297872340425531,311.3308276687145,FCER1G;TMEM176B;IL10RA;ITGB2;PECAM1;LAPTM5;IRF8;CXCR4;CD37;IKZF1;LCP1;CTSS
up_in_tumour_infiltrated,Reactome_Pathways_2024,Innate Immune System,26/1149,4.8230539780490576e-11,9.019110938951738e-09,0,0,5.874732256744723,139.55443330569014,C1QB;C1QA;WIPF1;ITGB2;NLRC5;CTSS;C2;C3;IGHG1;CASP8;IGKC;COTL1;RAC2;CD14;B2M;CD53;FCER1G;CYBB;CYBA;LYZ;CD4;PECAM1;LCP2;CD68;LGMN;C1QC
up_in_tumour_infiltrated,Reactome_Pathways_2024,Cytokine Signaling in Immune System,21/776,2.0078020877547807e-10,2.5030599360676263e-08,0,0,6.74063207309917,150.51029482756988,IL32;CSF1R;CIITA;STAT1;IL10RA;ITGB2;NLRC5;IFI30;SAMHD1;IGHG1;CD4;CASP8;IRF1;CCL5;IRF8;LCP1;LTB;CCL19;GBP2;B2M;TRIM22
up_in_tumour_infiltrated,MSigDB_Hallmark_2020,Complement,11/200,4.948612602103779e-09,3.58774413652524e-08,0,0,12.889899530348968,246.5084827251569,C3;C1QA;FCER1G;IRF1;CCL5;LCP2;CTSS;C2;LGMN;PSMB9;C1QC
up_in_tumour_infiltrated,MSigDB_Hallmark_2020,Interferon Alpha Response,8/97,2.9450489952561066e-08,1.708128417248542e-07,0,0,19.356130923302395,335.6460584804155,CD74;CASP8;IRF1;IFI30;PARP14;GBP2;B2M;PSMB9
up_in_tumour_cold,Reactome_Pathways_2024,Formation of the Cornified Envelope,20/129,1.1695770904857496e-24,3.0642919770726643e-22,0,0,45.392201834862384,2501.355439422666,FLG;DSP;KRT2;KRT1;TCHH;KRT77;KRT5;KRT10;KLK8;LCE1C;CASP14;LCE2A;PERP;KRT15;KRT14;PKP1;DSG1;PKP3;DSC1;DSC3
up_in_tumour_cold,Reactome_Pathways_2024,Keratinization,20/217,5.2619065937951964e-20,6.893097637871708e-18,0,0,25.003807106598984,1109.949212775158,FLG;DSP;KRT2;KRT1;TCHH;KRT77;KRT5;KRT10;KLK8;LCE1C;CASP14;LCE2A;PERP;KRT15;KRT14;PKP1;DSG1;PKP3;DSC1;DSC3
up_in_tumour_cold,MSigDB_Hallmark_2020,KRAS Signaling Dn,9/200,7.246130877532363e-07,1.3043035579558251e-05,0,0,10.205454231632242,144.28091546324455,KRT15;KRT1;CD207;PKP1;LYPD3;KRT5;KLK8;FGFR3;DLK2
up_in_tumour_cold,Reactome_Pathways_2024,Developmental Biology,23/1385,2.509326528505198e-07,2.191478501561206e-05,0,0,4.065583462059233,61.78906778159385,FLG;DSP;KRT2;KRT1;TCHH;KRT77;KRT5;KRT10;POU3F1;KLK8;LCE1C;CASP14;EFNA3;LCE2A;PERP;KRT15;KRT14;PKP1;DSG1;PAK6;PKP3;DSC1;DSC3
up_in_tumour_cold,MSigDB_Hallmark_2020,Estrogen Response Late,8/200,7.36601339161234e-06,6.629412052451105e-05,0,0,8.92572463768116,105.48987198054958,TRIM29;GJB3;PERP;SCNN1A;SFN;PKP3;FGFR3;RAPGEFL1
up_in_tumour_cold,MSigDB_Hallmark_2020,p53 Pathway,7/200,6.570537771122418e-05,0.0003942322662673451,0,0,7.685609226140732,74.01495143325761,PERP;CLCA2;TCHH;SFN;KLK8;TP63;SERPINB5
up_in_tumour_cold,Reactome_Pathways_2024,Apoptotic Cleavage of Cell Adhesion Proteins,3/11,1.943756475353003e-05,0.0010185283930849,0,0,76.9020618556701,834.256871154208,DSP;DSG1;PKP1
up_in_tumour_cold,Reactome_Pathways_2024,Type I Hemidesmosome Assembly,3/11,1.943756475353003e-05,0.0010185283930849,0,0,76.9020618556701,834.256871154208,COL17A1;KRT14;KRT5
