hop_bin,batch_flagged,immune_only,other,tumour_cold,tumour_infiltrated
0,0.0,0.0,0.0,1.0,0.0
1,0.0011400651465798045,0.031107491856677525,0.9034201954397394,0.0,0.06433224755700326
2,0.0006175380815150268,0.03705228489090161,0.8937834499794154,0.0,0.06854672704816797
3,0.001,0.037,0.89875,0.0,0.06325
4,0.002613240418118467,0.03484320557491289,0.9038908246225319,0.0,0.0586527293844367
5,0.0010337698139214334,0.03962784286698828,0.9000689179875948,0.0,0.059269469331495524
6,0.00039541320680110717,0.04191379992091736,0.9110320284697508,0.0,0.04665875840253064
7,0.0018578727357176034,0.04969809568044589,0.9136089177891314,0.0,0.03483511379470506
8,0.0027070925825663237,0.05901461829994586,0.9149972929074174,0.0,0.023280996210070383
9,0.004383218534752661,0.06324358171571696,0.9179711959924859,0.0,0.014402003757044458
10,0.00156128024980484,0.078064012490242,0.9063231850117096,0.0,0.01405152224824356
11,0.0020222446916076846,0.10414560161779575,0.8766430738119313,0.0,0.017189079878665317
12,0.006038647342995169,0.11473429951690821,0.8647342995169082,0.0,0.014492753623188406
13,0.014204545454545454,0.13494318181818182,0.8366477272727273,0.0,0.014204545454545454
14,0.006269592476489028,0.1536050156739812,0.8260188087774295,0.0,0.014106583072100314
15,0.003861003861003861,0.18725868725868725,0.7915057915057915,0.0,0.017374517374517374
16,0.01126126126126126,0.22072072072072071,0.7477477477477478,0.0,0.02027027027027027
17,0.010050251256281407,0.2537688442211055,0.7110552763819096,0.0,0.02512562814070352
18,0.02185792349726776,0.26229508196721313,0.6912568306010929,0.0,0.02459016393442623
19,0.014792899408284023,0.2781065088757396,0.6804733727810651,0.0,0.026627218934911243
20,0.01904761904761905,0.29523809523809524,0.6761904761904762,0.0,0.009523809523809525
21,0.02666666666666667,0.31,0.65,0.0,0.013333333333333334
22,0.04779411764705882,0.3014705882352941,0.6507352941176471,0.0,0.0
23,0.06938775510204082,0.2857142857142857,0.6448979591836734,0.0,0.0
24,0.09049773755656108,0.28054298642533937,0.6289592760180995,0.0,0.0
25,0.08415841584158416,0.2623762376237624,0.6534653465346535,0.0,0.0
26,0.08808290155440414,0.26424870466321243,0.6476683937823834,0.0,0.0
27,0.0962566844919786,0.2192513368983957,0.6844919786096256,0.0,0.0
28,0.10404624277456648,0.24277456647398843,0.653179190751445,0.0,0.0
29,0.1346153846153846,0.2564102564102564,0.6089743589743589,0.0,0.0
30,0.14285714285714285,0.2597402597402597,0.5974025974025974,0.0,0.0
31,0.20175438596491227,0.2894736842105263,0.5,0.0,0.008771929824561403
32,0.1941747572815534,0.2912621359223301,0.49514563106796117,0.0,0.019417475728155338
33,0.1827956989247312,0.27956989247311825,0.5376344086021505,0.0,0.0
34,0.1875,0.2625,0.55,0.0,0.0
35,0.19696969696969696,0.21212121212121213,0.5909090909090909,0.0,0.0
36,0.22033898305084745,0.1694915254237288,0.6101694915254238,0.0,0.0
