library,n_spots,cornified_vs_distance_r,p
B1,57,0.6040622187510282,6.525635606734085e-07
A16,269,0.5667042893749656,2.9720599259728304e-24
A17,449,0.4906699206561704,1.4056168358669364e-28
A34,816,0.4108444082980569,1.4185624560906554e-34
B38_2,113,0.39241609854259735,1.7172652110093705e-05
B15,993,0.3003786574283261,3.741661244460287e-22
A23,41,0.2906349690186233,0.06526510773018485
A22,82,0.2833008465634739,0.009906253656852267
D3,34,0.24122718681289304,0.1693277008098515
B8,403,0.20828364303982697,2.5023408829260096e-05
B14,620,0.13763838210049792,0.0005890187005409636
B13,422,-0.014513168832303124,0.7662602910951137
D20,218,-0.016246317944573666,0.8114850282877273
A7,429,-0.026918211798275037,0.5782022849930553
A21,557,-0.21236396671678165,4.225214578482376e-07
