cluster,names,scores,logfoldchanges,pvals,pvals_adj
Cluster 0,IGFBP5,63.13591,4.390504,0.0,0.0
Cluster 0,COL1A1,7.4659753,0.2307847,8.268476339568756e-14,1.8132095865296586e-13
Cluster 0,COL1A2,5.424711,0.019172324,5.804826428527732e-08,1.0559272375771879e-07
Cluster 0,DCN,5.0619354,0.10186231,4.150214975548749e-07,7.328318476156915e-07
Cluster 1,KRT14,64.80508,4.5328827,0.0,0.0
Cluster 1,KRT5,34.982506,2.7823853,4.151396208895651e-268,2.5026000145959284e-264
Cluster 1,KRT16,30.608335,3.5555508,9.4811763269193e-206,4.286676846808389e-202
Cluster 1,KRT17,28.987955,2.8157659,9.333572239527132e-185,2.411395056454974e-181
Cluster 1,KRT6B,26.207644,2.9583077,2.174388801214822e-151,3.276985122497505e-148
Cluster 1,S100A2,25.431183,2.7862418,1.1402235977963188e-142,9.373156257339286e-140
Cluster 1,KRT6A,25.216148,2.763158,2.6644938954142978e-140,2.0078071707736492e-137
Cluster 1,DSP,23.693956,1.9628681,4.161969088781168e-124,1.7921240707287482e-121
Cluster 1,CALML3,21.263794,2.4081993,2.4572424700547024e-100,6.259046488864689e-98
Cluster 1,GJB6,19.595146,3.0530195,1.7009804279347104e-85,3.0457654494256667e-83
Cluster 1,TCHH,17.865665,4.781238,2.1831169154822455e-71,2.685827851462341e-69
Cluster 1,HSPB1,17.601088,1.1235251,2.416425182468547e-69,2.8562777401923967e-67
Cluster 1,GJB2,17.193644,2.5332885,2.963136487469766e-66,3.0447911009028813e-64
Cluster 1,CST6,17.1082,2.157125,1.2892116819031135e-65,1.3025359367160785e-63
Cluster 1,SDC1,16.88564,2.0547793,5.73920855824823e-64,5.550459185878034e-62
Cluster 1,GJA1,16.61862,1.7028717,5.109505413006344e-62,4.620270269710986e-60
Cluster 1,SFN,16.469912,1.7087568,6.0359020404369115e-61,5.298994582587453e-59
Cluster 1,PERP,15.639054,1.3960962,3.94541004688619e-55,2.877126641045837e-53
Cluster 1,PKP1,15.349389,1.7646816,3.575394298305891e-53,2.467977323849696e-51
Cluster 1,KRT75,15.224266,4.499968,2.4408363140900253e-52,1.6051827178297494e-50
Cluster 1,TRIM29,15.072711,1.4097704,2.4485528682169237e-51,1.537788125911107e-49
Cluster 1,MUCL1,14.225227,2.0886817,6.3895956013748324e-46,3.1486603937565078e-44
Cluster 1,KRT25,13.860946,4.6011167,1.0922604735606464e-43,4.759886907070913e-42
Cluster 1,KRT27,13.131763,4.9282084,2.1655499789504607e-39,7.361648753631406e-38
Cluster 1,KRT6C,12.848641,2.761153,8.753407911178075e-38,2.660594656700092e-36
Cluster 2,FADS2,54.9762,4.6268845,0.0,0.0
Cluster 2,FASN,50.3644,3.5365207,0.0,0.0
Cluster 2,GAL,42.133224,4.1846356,0.0,0.0
Cluster 2,ALOX15B,41.043465,3.9465747,0.0,0.0
Cluster 2,DPT,40.41258,3.0388968,0.0,0.0
Cluster 2,KRT79,40.31628,3.670445,0.0,0.0
Cluster 2,KRT17,40.292107,2.7173183,0.0,0.0
Cluster 2,MGST1,39.927895,3.210668,0.0,0.0
Cluster 2,DGAT2,39.649628,3.290632,0.0,0.0
Cluster 2,CST6,39.483624,2.7217066,0.0,0.0
Cluster 2,ACSL1,38.30043,2.8493598,0.0,0.0
Cluster 2,ACSBG1,38.037697,3.6231422,0.0,0.0
Cluster 2,PM20D1,37.787807,3.8075554,0.0,0.0
Cluster 2,DHCR24,37.24148,2.6265376,1.4554361954647315e-303,1.8801116853556906e-300
Cluster 2,KRT6B,36.835632,2.4510398,4.967435460925877e-297,5.9890713540562986e-294
Cluster 2,FADS1,36.808186,3.4404304,1.365772901331912e-296,1.5437501825367266e-293
Cluster 2,THRSP,36.47586,3.3951023,2.6776229745423955e-291,2.848518323211719e-288
Cluster 2,CALML3,36.24845,2.4667249,1.0510751376342426e-287,1.0560385480064042e-284
Cluster 2,SEC14L6,34.462685,3.676556,2.907522022028154e-260,2.7675018825462717e-257
Cluster 2,ELOVL3,34.007076,3.7373695,1.751085995142694e-253,1.583419511107781e-250
Cluster 2,CHI3L1,33.96962,3.3449852,6.261260588660889e-253,5.392137987901532e-250
Cluster 2,PRDX2,33.877003,2.0552244,1.4532514019721792e-251,1.1946387093030392e-248
Cluster 2,ELOVL5,33.590145,2.7421725,2.3366271610672197e-247,1.8373000959956812e-244
Cluster 2,APMAP,32.978447,2.463601,1.654943864854141e-238,1.2470691581619643e-235
Cluster 2,KRT6A,32.767536,2.096524,1.7084319034036438e-235,1.2358796389221959e-232
Cluster 3,HBA2,34.22614,6.2765946,9.879514601901e-257,2.2333877696922448e-253
Cluster 3,PLIN4,28.03771,3.8794878,5.640715408053631e-173,2.488105808649998e-170
Cluster 3,FABP4,27.653276,3.7981052,2.5487218775435454e-168,9.218727031075003e-166
Cluster 3,G0S2,26.01199,3.9347134,3.6239267622438005e-149,7.202056647821883e-147
Cluster 3,PLIN1,21.573177,3.829682,3.208856470884188e-103,1.3622574947403883e-101
Cluster 3,HBB,20.03877,5.6081367,2.5294107853565297e-89,6.388881851001793e-88
Cluster 3,ADIPOQ,13.250751,3.3363044,4.467123671040003e-40,1.9834994252580027e-39
Cluster 3,ADIRF,11.640384,1.7740717,2.5685618889043833e-31,8.66811751461761e-31
Cluster 3,PPP1R1A,10.27215,3.2660894,9.40841817688644e-25,2.625790782854804e-24
Cluster 3,GPD1,8.85818,2.568824,8.133161796701708e-19,1.918708988955784e-18
Cluster 3,HBD,8.009513,4.6435723,1.1516408382156479e-15,2.4996908976392214e-15
Cluster 3,RBP4,7.8046107,3.0654309,5.968549008009138e-15,1.2690008089565632e-14
Cluster 3,CIDEC,5.309177,2.960662,1.1012140162624813e-07,1.9164218133282308e-07
Cluster 3,LIPE,3.8102384,2.446774,0.00013883290639901452,0.0002181970202682
Cluster 3,ALAS2,2.467401,4.1659074,0.013609780142131862,0.019463298582196323
Cluster 3,TRARG1,2.342188,2.7479496,0.019171056184087445,0.02717151654304243
Cluster 3,LPL,2.3098142,1.8669187,0.020898436456429675,0.029559535688607124
Cluster 3,KIAA0408,-2.1279347,0.36810815,0.033342491320358894,0.04640595317290216
Cluster 3,NPR3,-2.1443574,0.5243621,0.032004247972520966,0.044625815310951555
Cluster 3,GHR,-2.1565013,0.9747272,0.031044537419237492,0.04334108840720319
Cluster 3,MEST,-2.229152,0.40960452,0.02580380012817526,0.03627452191131244
Cluster 3,ZFHX4,-2.2892225,0.054533817,0.022066425734619585,0.031162838467171265
Cluster 3,LTF,-2.3294501,0.20446065,0.01983523025101864,0.028093048718746346
Cluster 3,LRRN3,-2.451234,0.058857128,0.014236732304296791,0.02034059912491764
Cluster 3,PCOLCE2,-2.6252193,0.22124656,0.008659314746893942,0.012515280683894906
Cluster 5,KRT1,62.907467,3.5783901,0.0,0.0
Cluster 5,KRT10,62.355766,3.3671768,0.0,0.0
Cluster 5,KRT14,51.620144,2.6704795,0.0,0.0
Cluster 5,KRT5,49.21921,2.577114,0.0,0.0
Cluster 5,KRTDAP,45.73887,2.4678633,0.0,0.0
Cluster 5,TYRP1,45.561962,2.897356,0.0,0.0
Cluster 5,DCT,42.11606,2.55833,0.0,0.0
Cluster 5,MLANA,41.85292,2.459427,0.0,0.0
Cluster 5,FLG,41.364563,2.2124524,0.0,0.0
Cluster 5,PMEL,39.635685,2.5997915,0.0,0.0
Cluster 5,APOE,39.130604,1.671071,0.0,0.0
Cluster 5,TYR,38.728848,2.5384696,0.0,0.0
Cluster 5,APCDD1,38.100574,2.1061738,0.0,0.0
Cluster 5,S100B,36.89792,2.1858857,4.990427194099676e-298,5.013993100294035e-295
Cluster 5,CD44,36.738503,1.4118618,1.7744410343263263e-295,1.6889876897785058e-292
Cluster 5,PERP,36.66881,1.906265,2.294823965814835e-294,2.0750945710880643e-291
Cluster 5,DMKN,36.023296,1.8598562,3.612881467912471e-284,3.1113791117712876e-281
Cluster 5,COL17A1,34.830616,2.1711113,8.369252613578535e-266,6.580779718111644e-263
Cluster 5,HSPB1,34.75816,1.469689,1.0435405799598644e-264,7.863513078572562e-262
Cluster 5,EDNRB,34.361412,2.1318965,9.513489587031624e-259,6.882058367258676e-256
Cluster 5,DSP,34.34064,1.793047,1.9428191131654632e-258,1.3513801408306691e-255
Cluster 5,LY6D,33.741344,2.190148,1.432069579030863e-249,9.592214198804872e-247
Cluster 5,SFN,33.360565,1.8929288,5.119333825911503e-244,3.192522491089984e-241
Cluster 5,FMN1,32.897636,2.0100682,2.375881674335423e-237,1.3860587122695523e-234
Cluster 5,IFI27,32.058926,1.9331123,1.648595056726787e-225,9.317138000282481e-223
Cluster 6,DCT,67.75863,5.5451903,0.0,0.0
Cluster 6,VIM,52.849617,2.0978825,0.0,0.0
Cluster 6,MLANA,51.04139,4.0486627,0.0,0.0
Cluster 6,CD44,48.466026,2.651061,0.0,0.0
Cluster 6,CRTAC1,41.6652,4.5944276,0.0,0.0
Cluster 6,S100B,41.005936,3.2787254,0.0,0.0
Cluster 6,CIRBP,40.54033,2.1904054,0.0,0.0
Cluster 6,BCAN,40.43919,4.3274565,0.0,0.0
Cluster 6,PCDH7,39.133587,3.5675375,0.0,0.0
Cluster 6,HHATL,38.679893,5.0345526,0.0,0.0
Cluster 6,MT-CO3,37.23065,1.4260712,2.1792118365111643e-303,3.58282236939131e-300
Cluster 6,PYGL,37.131775,3.556378,8.630967753579636e-302,1.300758765195731e-298
Cluster 6,MT-CYB,37.04954,1.5991137,1.826744288422671e-300,2.5412823427787692e-297
Cluster 6,EDNRB,36.315296,3.0844643,9.281067592581818e-289,1.19891505294173e-285
Cluster 6,RACK1,35.5694,2.0442247,4.1658114803643707e-277,5.022580041492643e-274
Cluster 6,MT-ND4L,34.377995,1.4380256,5.377552616176716e-259,6.078314941472244e-256
Cluster 6,C12orf57,34.19855,2.1674855,2.540759487315889e-256,2.7029197251828148e-253
Cluster 6,HMCN1,33.083538,2.9009826,5.126379652103865e-240,5.150587556016577e-237
Cluster 6,BTG1,32.824585,2.2624412,2.626028065564979e-236,2.4995640824075074e-233
Cluster 6,SOX10,32.411655,2.9657366,1.8806845747677206e-230,1.7006090267337112e-227
Cluster 6,SERPINE2,31.438414,2.574312,6.0447996293287244e-217,5.2057238712576185e-214
Cluster 6,MT-ND2,31.182983,1.3960518,1.8124573881300353e-213,1.4899223574696222e-210
Cluster 6,CHL1,31.018946,3.4717956,2.993706737228667e-211,2.3539646235991496e-208
Cluster 6,MT-ND1,30.876526,1.4848007,2.4683293820486447e-209,1.8599890364312393e-206
Cluster 6,MT-ATP6,30.489943,1.2992553,3.5423062784612245e-204,2.5625043618388495e-201
Cluster 7,KRTDAP,103.892685,6.4408793,0.0,0.0
Cluster 7,KRT1,102.851814,6.671767,0.0,0.0
Cluster 7,KRT10,102.17431,6.130405,0.0,0.0
Cluster 7,SBSN,101.76119,6.053956,0.0,0.0
Cluster 7,FLG,101.42461,6.5843987,0.0,0.0
Cluster 7,DMKN,101.242035,5.5853176,0.0,0.0
Cluster 7,CALML5,99.86686,5.842644,0.0,0.0
Cluster 7,LOR,99.33688,6.3609858,0.0,0.0
Cluster 7,FLG2,98.43978,6.185786,0.0,0.0
Cluster 7,CSTA,97.61929,5.821646,0.0,0.0
Cluster 7,HOPX,96.45413,5.5961003,0.0,0.0
Cluster 7,PERP,96.28911,4.764061,0.0,0.0
Cluster 7,CASP14,95.84324,5.7735977,0.0,0.0
Cluster 7,ASPRV1,94.002464,5.6270943,0.0,0.0
Cluster 7,DSG1,93.764984,4.9097166,0.0,0.0
Cluster 7,LY6D,92.60403,5.085474,0.0,0.0
Cluster 7,DSC1,92.11963,5.612784,0.0,0.0
Cluster 7,JUP,91.93553,4.3244615,0.0,0.0
Cluster 7,SPINK5,91.62099,5.1699324,0.0,0.0
Cluster 7,SFN,91.0599,4.6130977,0.0,0.0
Cluster 7,LCE1C,91.03028,5.8726025,0.0,0.0
Cluster 7,DSP,90.88578,4.521747,0.0,0.0
Cluster 7,KRT80,90.44141,4.9573646,0.0,0.0
Cluster 7,CNFN,90.00237,5.4906945,0.0,0.0
Cluster 7,KLK5,89.897026,5.203988,0.0,0.0
Cluster 8,LYZ,59.21685,3.5253863,0.0,0.0
Cluster 8,SRGN,56.3368,2.994485,0.0,0.0
Cluster 8,STAT1,56.224827,3.1831107,0.0,0.0
Cluster 8,BST2,56.161137,3.05012,0.0,0.0
Cluster 8,TRBC2,55.798626,3.766979,0.0,0.0
Cluster 8,B2M,55.281868,2.8465924,0.0,0.0
Cluster 8,ETS1,55.242466,2.8225563,0.0,0.0
Cluster 8,LIMD2,54.871975,3.0667925,0.0,0.0
Cluster 8,PTPRJ,54.77959,2.93022,0.0,0.0
Cluster 8,CLEC2D,54.63365,3.0311286,0.0,0.0
Cluster 8,RESF1,54.439445,2.7578838,0.0,0.0
Cluster 8,CD74,54.3983,3.077049,0.0,0.0
Cluster 8,IRF4,54.147247,3.2080514,0.0,0.0
Cluster 8,COTL1,54.097816,2.855809,0.0,0.0
Cluster 8,S100A1,54.093838,3.4759898,0.0,0.0
Cluster 8,LCP1,54.034943,2.9575615,0.0,0.0
Cluster 8,IL32,53.963253,2.955239,0.0,0.0
Cluster 8,PSMB9,53.844925,3.0581326,0.0,0.0
Cluster 8,DOCK10,53.618366,3.016032,0.0,0.0
Cluster 8,CTSS,53.36548,2.778612,0.0,0.0
Cluster 8,TRAC,53.205784,3.2867854,0.0,0.0
Cluster 8,LAPTM5,53.199192,2.7675717,0.0,0.0
Cluster 8,WARS,53.189964,3.3454027,0.0,0.0
Cluster 8,CXCR4,53.136887,3.8121524,0.0,0.0
Cluster 8,WIPF1,53.124317,2.5942528,0.0,0.0
Cluster 9,KRT2,34.03588,3.6702003,6.566590190420794e-254,1.1875678359376005e-249
Cluster 9,SFRP2,33.40972,2.8320215,9.905546987704827e-245,8.95709086363209e-241
Cluster 9,IGKC,32.06093,3.8264236,1.5460507126467318e-225,9.320109046072049e-222
Cluster 9,KRT1,31.475323,3.0819733,1.8908148425721446e-217,8.548846606979308e-214
Cluster 9,KRT10,31.424,2.963098,9.513755457120997e-217,3.441125348840665e-213
Cluster 9,HTRA1,29.849754,2.4041011,8.843249215355829e-196,2.6655027009951696e-192
Cluster 9,CD74,28.248451,2.422762,1.4871169581601458e-175,3.842072884046605e-172
Cluster 9,COL6A3,27.306187,2.3214936,3.581601665372892e-164,8.096658264783594e-161
Cluster 9,NBL1,26.949799,2.0093153,5.735236792433472e-160,1.1524639710128815e-156
Cluster 9,IGHG1,26.695623,3.2100313,5.2910367604902605e-157,9.568839981346635e-154
Cluster 9,CTSK,26.607054,2.23431,5.625035669945052e-156,9.248070008268752e-153
Cluster 9,COL6A1,26.57907,2.0884907,1.1851885718961855e-155,1.7861779435618763e-152
Cluster 9,COL5A1,26.488243,2.1635916,1.3240091201709112e-154,1.8419003798685328e-151
Cluster 9,COL17A1,26.33733,2.4878602,7.169327587095944e-153,9.261234958045011e-150
Cluster 9,FLG,26.308596,2.2140825,1.5291515189887138e-152,1.8436470147273926e-149
Cluster 9,LUM,26.125912,2.1830962,1.851449784543666e-150,2.0927168345920125e-147
Cluster 9,PTGDS,25.944433,2.2247608,2.1013037921336067e-148,2.2354164165138985e-145
Cluster 9,PDGFRB,25.790636,1.9746448,1.1294017020920886e-146,1.1347349879075233e-143
Cluster 9,COL6A2,25.660471,2.0892477,3.230719349076465e-145,3.0751347067393615e-142
Cluster 9,COL5A2,25.467957,2.2534904,4.466161391948845e-143,4.038526438669743e-140
Cluster 9,MMP14,25.433527,1.9733943,1.0741399094516781e-142,9.250390601158856e-140
Cluster 9,COL1A1,25.34415,2.3455205,1.0424910035177026e-141,8.569749908462569e-139
Cluster 9,THBS2,25.22556,1.9647757,2.100740563774991e-140,1.6518214389509005e-137
Cluster 9,KRTDAP,25.216904,2.1114533,2.614066470653375e-140,1.9698080050735956e-137
Cluster 9,MEGF6,25.202934,1.9357219,3.7197824007272876e-140,2.6908905886861196e-137
Cluster 10,IGKC,37.32617,6.7174697,6.176296976647242e-305,1.1169833082266538e-300
Cluster 10,IGHG1,20.96667,4.4697766,1.3220420628456381e-97,1.1954565353281683e-93
Cluster 10,CD74,11.214213,1.2881021,3.47261078236958e-29,4.1868110666102575e-26
Cluster 10,CXCL12,7.7828903,0.9967878,7.088596140817601e-15,2.553730302922038e-13
Cluster 10,TMSB4X,7.600786,0.5955352,2.9433705294171743e-14,8.516936963921536e-13
Cluster 10,JCHAIN,4.595313,2.4485462,4.320997761011287e-06,1.3957000269314009e-05
Cluster 10,C3,3.4203382,0.648371,0.0006254334915628324,0.0013955539413835687
Cluster 10,VIM,3.2409463,0.2813126,0.0011913364968735515,0.0025567011446491253
Cluster 10,CST3,3.2304478,0.19667904,0.0012359646856364473,0.002645883207828498
Cluster 10,CCL19,2.6770635,1.5452093,0.007427055447975141,0.014161127862586232
Cluster 10,IGLC1,2.3602827,2.6976652,0.018261015927871126,0.03274670035255819
Cluster 10,LYZ,2.2704287,0.8567306,0.02318159013841784,0.04086947335282576
Cluster 10,IGFBP7,2.246654,0.44322625,0.024662151858498786,0.04326462473187996
Cluster 10,B2M,2.1869154,0.16023351,0.02874869691271527,0.04993470838133458
Cluster 10,EDA,-2.1935725,0.015404158,0.02826615627211624,0.04914848920115587
Cluster 10,RUNX1T1,-2.2013311,0.18634242,0.027712597653933947,0.04824163332095442
Cluster 10,TAF11L6,-2.2017713,0.08586974,0.027681463772024278,0.04819207473210041
Cluster 10,SHANK3,-2.2047896,0.30153298,0.027468864421096795,0.04785880665274909
Cluster 10,JAM2,-2.225495,0.16497763,0.026048022222475407,0.045541229881425734
Cluster 10,ST8SIA4,-2.2370152,0.37773672,0.02528534362207084,0.04428914667362239
Cluster 10,GALM,-2.2466788,0.11150505,0.02466056411843695,0.04326462473187996
Cluster 10,LST1,-2.2511303,0.41925064,0.0243772850582569,0.042814722761831216
Cluster 10,IRS1,-2.2584682,0.12906069,0.023916490681342197,0.042050333849122455
Cluster 10,ZNF250,-2.2603548,0.043326825,0.023799238104730478,0.041872674494021864
Cluster 10,RCSD1,-2.2717783,0.14141999,0.02309990314012565,0.04074134467419274
Cluster 11,TNXB,72.53143,4.2666492,0.0,0.0
Cluster 11,COL3A1,15.218312,0.5984956,2.673396566246092e-52,1.700611217043988e-51
Cluster 11,COL1A2,15.077302,0.6226057,2.284123401646487e-51,1.4088803451151677e-50
Cluster 11,COL1A1,14.5583725,0.67311275,5.167327292702905e-48,2.833569256777806e-47
Cluster 11,DCN,12.913462,0.6360666,3.7792176356755006e-38,1.5144504972566236e-37
Cluster 11,CFD,4.239636,0.34481046,2.2388252245958756e-05,3.5920115495756224e-05
Cluster 11,GALNT15,-2.9555695,0.089898616,0.003120922786375872,0.004589890915801223
Cluster 11,PI16,-3.080302,0.27511325,0.0020679081608895216,0.0030674310276974245
Cluster 12,MMP2,58.565044,3.8837469,0.0,0.0
Cluster 12,COL1A1,10.572258,0.38763157,4.007273932666591e-26,1.2471441932933282e-25
Cluster 12,DCN,9.115537,0.34000215,7.828171465545008e-20,2.001873316662634e-19
Cluster 12,COL1A2,8.578582,0.19012377,9.60501605173332e-18,2.3053313244273006e-17
Cluster 12,COL3A1,8.521924,0.12291148,1.569242667895526e-17,3.742056124590004e-17
Cluster 13,FLG,53.192318,2.6735744,0.0,0.0
Cluster 13,KRT1,48.257862,2.5950043,0.0,0.0
Cluster 13,KRT10,44.95873,2.3381526,0.0,0.0
Cluster 13,KRTDAP,43.07083,2.1422145,0.0,0.0
Cluster 13,PTGDS,41.319965,2.1561425,0.0,0.0
Cluster 13,S100A8,38.610527,1.8915726,0.0,0.0
Cluster 13,APCDD1,35.565117,1.9449201,4.852051254210449e-277,1.253562099034228e-273
Cluster 13,PMEL,35.343964,2.0071504,1.241203074722404e-273,2.8058947007943347e-270
Cluster 13,SERPINE2,35.198914,1.955348,2.0775359822950797e-271,4.174693137756279e-268
Cluster 13,TYRP1,34.594997,1.9527465,3.0044171374882355e-262,5.433488393147474e-259
Cluster 13,KRT14,34.45353,1.9838107,3.986768205455205e-260,6.55460936324158e-257
Cluster 13,AHR,34.446724,1.6179509,5.041295484484616e-260,7.597652403075357e-257
Cluster 13,MT-ND6,34.317226,1.5457574,4.3433397659255e-258,6.042253820520205e-255
Cluster 13,MT-ND5,34.232353,1.5853684,7.984732376745161e-257,1.0314563216674017e-253
Cluster 13,S100A9,33.910748,1.6014295,4.62566003483716e-252,5.577004115335336e-249
Cluster 13,KRT5,33.157444,1.831662,4.4235611584837395e-241,5.000006471948652e-238
Cluster 13,TYR,32.38053,1.844963,5.159597380666919e-230,5.4889010958447785e-227
Cluster 13,FMN1,31.354755,1.738167,8.380151172042813e-216,8.419724108133015e-213
Cluster 13,MLANA,30.67177,1.7124009,1.3547317239961937e-206,1.2894906962353242e-203
Cluster 13,FOS,30.446753,1.461618,1.3225076233333065e-203,1.1958775183991424e-200
Cluster 13,LOR,30.418158,1.2817825,3.160358654557753e-203,2.721670774651284e-200
Cluster 13,MT-ND3,30.284718,1.464324,1.8221797655273194e-201,1.4979145936164352e-198
Cluster 13,MT2A,30.088284,1.5635396,6.896246615688007e-199,5.422548697596417e-196
Cluster 13,PLPP3,29.04912,1.2033454,1.578700914193923e-185,1.1896169180498793e-182
Cluster 13,CFH,28.773317,1.2599161,4.628172197421528e-182,3.348019767614733e-179
Cluster 14,IGFBP5,46.899536,3.9106596,0.0,0.0
Cluster 14,MMP2,37.834217,3.1457622,0.0,0.0
Cluster 14,COL1A1,20.881872,1.5213937,7.826552914008808e-97,2.830864188996986e-93
Cluster 14,DCN,20.258644,1.4538424,2.980631385472429e-91,7.700674086609839e-88
Cluster 14,COL3A1,19.302673,1.2335967,5.100067140972973e-83,1.02483015827218e-79
Cluster 14,COL1A2,18.903694,1.2153448,1.0634068897645399e-79,1.4793625847224387e-76
Cluster 14,SPARC,12.118649,0.69748706,8.413492151096958e-34,1.0110166481899567e-32
Cluster 14,CCDC80,7.7900515,0.6557698,6.69819479992476e-15,2.074616423302608e-14
Cluster 14,CFD,7.6607814,0.70042634,1.8480527435718158e-14,5.5796383752080613e-14
Cluster 14,FBLN1,4.2767935,0.5473331,1.8960457568410256e-05,3.488777108121714e-05
Cluster 14,CILP,-2.1286597,0.05566453,0.03328243067180367,0.04948719548627554
Cluster 14,PLK4,-2.1883788,0.08538301,0.02864202012419203,0.042826865146425204
Cluster 14,MMP23B,-2.7135904,0.13626264,0.006655839345419911,0.010468851501297538
Cluster 14,CLEC3B,-3.2541528,0.26532623,0.0011373107432898933,0.0018823341074766832
Cluster 14,PLPP3,-5.253748,0.08636035,1.4903466839803658e-07,3.0691095171697696e-07
Cluster 15,KRT17,47.493084,6.2826605,0.0,0.0
Cluster 15,CST6,47.28845,7.0489655,0.0,0.0
Cluster 15,KRT6B,44.903454,5.8116884,0.0,0.0
Cluster 15,SPRR1B,44.665226,5.723626,0.0,0.0
Cluster 15,KRT6A,44.501736,5.5232954,0.0,0.0
Cluster 15,CALML3,43.330788,5.0555735,0.0,0.0
Cluster 15,TMEM45A,43.122787,4.7687507,0.0,0.0
Cluster 15,SPINK5,41.977497,5.1868205,0.0,0.0
Cluster 15,KRT79,41.646347,5.4001245,0.0,0.0
Cluster 15,SPRR4,41.41098,6.80681,0.0,0.0
Cluster 15,TACSTD2,40.303337,4.1487103,0.0,0.0
Cluster 15,KLK7,39.628914,4.5692353,0.0,0.0
Cluster 15,TRIM29,39.572426,3.997072,0.0,0.0
Cluster 15,SBSN,39.238476,4.4335084,0.0,0.0
Cluster 15,CREG1,39.20187,3.9254823,0.0,0.0
Cluster 15,S100A8,38.70529,4.712916,0.0,0.0
Cluster 15,KRTDAP,38.64887,4.5299244,0.0,0.0
Cluster 15,DMKN,38.50587,4.1301365,0.0,0.0
Cluster 15,KRT16,38.35511,4.4009356,0.0,0.0
Cluster 15,IFFO2,38.121822,3.849155,0.0,0.0
Cluster 15,PSAPL1,38.00306,4.8402762,0.0,0.0
Cluster 15,SLC15A1,37.688023,5.1086035,0.0,0.0
Cluster 15,KRT80,37.64879,4.1387153,3.4243544470054e-310,2.692584790177932e-307
Cluster 15,KLK6,37.53456,5.248287,2.51634369078912e-308,1.896169818663385e-305
Cluster 15,S100A2,37.444138,4.013997,7.482430018935443e-307,5.412789875697899e-304
Cluster 16,IGFBP5,102.123375,3.6770535,0.0,0.0
Cluster 16,MMP2,101.23717,3.5830903,0.0,0.0
Cluster 16,TNXB,99.572975,3.3999515,0.0,0.0
Cluster 16,DCN,95.16054,3.006773,0.0,0.0
Cluster 16,COL1A1,92.980194,3.0855532,0.0,0.0
Cluster 16,COL1A2,91.77521,2.811545,0.0,0.0
Cluster 16,COL3A1,91.08517,2.8005683,0.0,0.0
Cluster 16,FBLN1,86.733055,3.0339935,0.0,0.0
Cluster 16,CCDC80,86.558105,2.8261445,0.0,0.0
Cluster 16,CFD,83.80366,2.9018085,0.0,0.0
Cluster 16,SPARC,80.34501,2.3575406,0.0,0.0
Cluster 16,FBLN2,76.83369,2.706132,0.0,0.0
Cluster 16,TIMP2,76.58563,2.2627997,0.0,0.0
Cluster 16,GSN,71.32425,1.9665173,0.0,0.0
Cluster 16,COL6A2,70.84387,2.053052,0.0,0.0
Cluster 16,CTSK,70.304825,2.5357773,0.0,0.0
Cluster 16,CCN5,69.58552,3.0490127,0.0,0.0
Cluster 16,FBN1,68.2929,2.6458697,0.0,0.0
Cluster 16,FSTL1,67.22466,2.368786,0.0,0.0
Cluster 16,COL6A3,62.71739,2.055527,0.0,0.0
Cluster 16,CST3,62.548542,1.7144231,0.0,0.0
Cluster 16,S100A6,61.72464,1.6104447,0.0,0.0
Cluster 16,CTHRC1,61.3305,2.5699835,0.0,0.0
Cluster 16,PI16,59.481186,2.383256,0.0,0.0
Cluster 16,SCARA5,56.566475,2.625457,0.0,0.0
Cluster 17,DCD,101.685844,7.930738,0.0,0.0
Cluster 17,SCGB2A2,71.08767,6.5321207,0.0,0.0
Cluster 17,MUCL1,67.25505,4.7338843,0.0,0.0
Cluster 17,PIP,54.622303,6.3115625,0.0,0.0
Cluster 17,MT-ND5,53.312332,1.9046259,0.0,0.0
Cluster 17,SLC12A2,52.492928,4.330043,0.0,0.0
Cluster 17,MT-ND4,52.409954,1.567355,0.0,0.0
Cluster 17,SCGB1D2,51.891476,6.2293296,0.0,0.0
Cluster 17,MT-ND3,51.67264,1.801764,0.0,0.0
Cluster 17,SFRP1,50.063534,3.1944375,0.0,0.0
Cluster 17,MT-ND2,49.94209,1.5755752,0.0,0.0
Cluster 17,MT-CYB,49.903557,1.5649456,0.0,0.0
Cluster 17,MT-ND4L,47.957344,1.4689536,0.0,0.0
Cluster 17,MT-ATP6,47.284634,1.4751081,0.0,0.0
Cluster 17,MT-ND1,46.73511,1.5440999,0.0,0.0
Cluster 17,MT-CO3,46.568306,1.3595275,0.0,0.0
Cluster 17,KRT7,45.433582,5.1766105,0.0,0.0
Cluster 17,AQP5,42.558388,5.0657597,0.0,0.0
Cluster 17,MT-CO2,42.500736,1.4104433,0.0,0.0
Cluster 17,MT-ND6,41.232464,1.4479343,0.0,0.0
Cluster 17,STAC2,39.329254,4.9480896,0.0,0.0
Cluster 17,APOD,35.405582,1.4370644,1.4010528583984504e-274,1.1517291338243625e-271
Cluster 17,ATP1B1,33.20039,2.8635535,1.062691444080433e-241,8.355989028780275e-239
Cluster 17,KRT19,30.982048,4.6747317,9.4078902308881e-211,7.089237284400471e-208
Cluster 17,CSRP1,30.801348,1.3901603,2.5138029536111373e-208,1.8184850566422965e-205
Cluster 18,TAGLN,46.92412,3.7921708,0.0,0.0
Cluster 18,IGFBP7,46.550404,3.04413,0.0,0.0
Cluster 18,A2M,43.167973,3.0613346,0.0,0.0
Cluster 18,MYL9,41.967354,3.0662272,0.0,0.0
Cluster 18,EPAS1,41.942116,3.1323273,0.0,0.0
Cluster 18,ACTA2,41.438988,3.6212378,0.0,0.0
Cluster 18,PECAM1,41.231094,3.1578157,0.0,0.0
Cluster 18,ADIRF,39.781178,2.7242267,0.0,0.0
Cluster 18,KCTD12,38.53873,2.5805025,0.0,0.0
Cluster 18,CALD1,37.13094,2.3253222,8.903499962366976e-302,1.6101979681940675e-298
Cluster 18,TPM2,37.0452,3.0858712,2.145511772287913e-300,3.5274164001660825e-297
Cluster 18,EGFL7,36.917885,3.054132,2.3870216765421756e-298,3.597440585022104e-295
Cluster 18,SPARCL1,36.19024,2.7283912,8.670644949678928e-287,1.2062201070380263e-283
Cluster 18,NOTCH3,35.237705,2.5330021,5.293299984296821e-272,6.837809301143429e-269
Cluster 18,MGP,34.02732,2.3551648,8.788993430969648e-254,1.0596596413272406e-250
Cluster 18,TGFBR2,33.976627,2.2546687,4.933706382956214e-253,5.576629995985195e-250
Cluster 18,NR2F2,33.924236,2.9652607,2.926340079451517e-252,3.1131094315812165e-249
Cluster 18,TNS1,32.903133,2.243132,1.9823265778150802e-237,1.99168756443254e-234
Cluster 18,CLU,32.729324,2.253398,5.97817760585598e-235,5.69028115799502e-232
Cluster 18,COL4A2,32.63971,2.4330816,1.1215960505440875e-233,1.014203228704491e-230
Cluster 18,AQP1,32.599922,2.2807438,4.1114590487550395e-233,3.5407493760349946e-230
Cluster 18,NPDC1,32.35486,2.4512603,1.185345470487316e-229,9.744078560801414e-227
Cluster 18,EFEMP1,32.04052,2.372266,2.9755899246199704e-225,2.3397192950761812e-222
Cluster 18,SOD3,32.02475,2.2565641,4.933876902827616e-225,3.717881824484893e-222
Cluster 18,EHD2,31.988394,2.1469233,1.5812784914414767e-224,1.143896860708764e-221
Cluster 19,MYL9,44.73541,5.829085,0.0,0.0
Cluster 19,DES,34.787685,7.3478556,3.734662021568144e-265,3.377068133002994e-261
Cluster 19,MYH11,33.156868,6.1774197,4.5090879371805054e-241,2.7182285114636484e-237
Cluster 19,TAGLN,30.95529,4.877134,2.1565273810782344e-210,9.750199421699967e-207
Cluster 19,TPM2,29.633406,4.8867593,5.549684705506392e-193,2.007320957981662e-189
Cluster 19,MYLK,28.160463,4.8570223,1.784271485542578e-174,5.378091636006254e-171
Cluster 19,ACTA2,27.85276,4.4691415,9.973121366731861e-171,2.576627141676367e-167
Cluster 19,CSRP1,26.889462,3.3936274,2.916987814037722e-159,6.594215577109025e-156
Cluster 19,SYNPO2,25.116468,4.8598204,3.2868704578147817e-139,6.60478358106448e-136
Cluster 19,CNN1,24.704493,5.545606,9.569501693451103e-135,1.7306443812606318e-131
Cluster 19,ACTG2,23.815308,5.7133436,2.3182859008931584e-125,3.81147277433207e-122
Cluster 19,TPM1,23.330294,3.07731,2.1847992121802292e-120,3.292674479356621e-117
Cluster 19,LMOD1,22.649446,4.7467866,1.4127337688681248e-113,1.9653300161523104e-110
Cluster 19,PCP4,20.89542,6.1760607,5.893500375341845e-97,7.61313959200409e-94
Cluster 19,SYNM,19.18951,3.9935749,4.5289372078668854e-82,5.460388626951509e-79
Cluster 19,FLNA,18.650385,2.6157663,1.2537072732905093e-77,1.4170810023411787e-74
Cluster 19,CALD1,16.653852,1.9377753,2.8373668148022962e-62,3.0184575791587957e-59
Cluster 19,PPP1R12B,16.314367,2.9707246,7.801016883357675e-60,7.837855018640197e-57
Cluster 19,SORBS1,16.176702,3.006778,7.363466638883612e-59,7.008857587590006e-56
Cluster 19,SMTN,15.022629,3.0456085,5.2195837644997215e-51,4.4950558276655936e-48
Cluster 19,SLC8A1,14.77211,3.5624306,2.2166357665094395e-49,1.8221753562419645e-46
Cluster 19,PRUNE2,14.711269,3.6336958,5.457388960771059e-49,4.2911686676323745e-46
Cluster 19,PLN,14.498444,4.362842,1.239275707328645e-47,9.338458819599393e-45
Cluster 19,TNS1,14.214621,2.226889,7.435285689101568e-46,5.378685667496074e-43
Cluster 19,CKB,13.927883,2.7083158,4.288764794137795e-44,2.983165819307001e-41
Cluster 21,FASN,66.200935,6.212017,0.0,0.0
Cluster 21,FADS2,60.262623,6.8033147,0.0,0.0
Cluster 21,ACSBG1,51.749416,6.2385244,0.0,0.0
Cluster 21,KRT79,49.21125,5.8259087,0.0,0.0
Cluster 21,THRSP,47.798534,5.8064003,0.0,0.0
Cluster 21,PM20D1,44.321716,5.932006,0.0,0.0
Cluster 21,ALOX15B,43.9095,5.6593966,0.0,0.0
Cluster 21,DGAT2,43.80042,4.877202,0.0,0.0
Cluster 21,FADS1,43.642532,5.4282427,0.0,0.0
Cluster 21,DHCR24,43.045567,4.149301,0.0,0.0
Cluster 21,CALML3,42.984573,3.9888482,0.0,0.0
Cluster 21,CYP4F8,42.791138,6.088002,0.0,0.0
Cluster 21,ALDH3B2,42.678722,4.2367406,0.0,0.0
Cluster 21,MGST1,40.480007,4.394321,0.0,0.0
Cluster 21,GAL,40.293526,5.3218265,0.0,0.0
Cluster 21,ACSL1,39.985027,4.2008233,0.0,0.0
Cluster 21,CHI3L1,39.18941,4.844195,0.0,0.0
Cluster 21,INSIG1,39.141987,4.4465604,0.0,0.0
Cluster 21,AWAT2,38.050415,5.936268,0.0,0.0
Cluster 21,ELOVL3,37.401947,5.4100947,3.632925522359515e-306,3.2850729035935915e-303
Cluster 21,CYB5A,36.995857,3.674809,1.3349466271755682e-299,1.1496433215461976e-296
Cluster 21,FAR2,36.673378,4.54807,1.9409256622391244e-294,1.5955291182542984e-291
Cluster 21,PRDX2,36.561565,3.0047948,1.1679766919291761e-292,9.183851510234413e-290
Cluster 21,TMEM91,36.20712,4.4783926,4.704149919407886e-287,3.544772970520484e-284
Cluster 21,APMAP,35.504578,3.7224276,4.1773882750047825e-276,3.0219226781384596e-273
Cluster 22,IGKC,81.79875,5.7099204,0.0,0.0
Cluster 22,IGHG1,78.54565,5.216309,0.0,0.0
Cluster 22,IGFBP4,69.45208,3.2998796,0.0,0.0
Cluster 22,MMP2,67.39625,3.4420865,0.0,0.0
Cluster 22,CTSK,67.34254,3.2688856,0.0,0.0
Cluster 22,HTRA3,65.832375,3.5315185,0.0,0.0
Cluster 22,COL6A3,64.06917,2.9277384,0.0,0.0
Cluster 22,CCN5,62.112423,2.9708004,0.0,0.0
Cluster 22,ANGPTL2,61.77889,2.9650087,0.0,0.0
Cluster 22,CPXM1,61.648502,3.7696433,0.0,0.0
Cluster 22,C1R,61.14831,2.7956183,0.0,0.0
Cluster 22,PDGFRB,60.887783,2.7460458,0.0,0.0
Cluster 22,CD74,60.234135,2.810234,0.0,0.0
Cluster 22,MMP14,59.91123,2.6210523,0.0,0.0
Cluster 22,SFRP2,58.86939,2.762526,0.0,0.0
Cluster 22,PLTP,58.61959,2.604249,0.0,0.0
Cluster 22,TIMP2,58.514496,2.5518124,0.0,0.0
Cluster 22,MXRA8,58.46182,2.6790862,0.0,0.0
Cluster 22,CRISPLD2,57.968506,2.7643788,0.0,0.0
Cluster 22,CYBRD1,57.942337,2.5023434,0.0,0.0
Cluster 22,IGFBP5,57.24414,2.9980192,0.0,0.0
Cluster 22,C1S,57.22153,2.5539837,0.0,0.0
Cluster 22,TIMP1,57.039814,2.4726217,0.0,0.0
Cluster 22,PODN,56.814392,2.5566497,0.0,0.0
Cluster 22,RNASE1,56.739132,2.7605228,0.0,0.0
