hop_bin,immune_only,other,tumour_cold,tumour_infiltrated
0,0.0,0.0,1.0,0.0
1,0.12867647058823528,0.6213235294117647,0.0,0.25
2,0.11244979919678715,0.6706827309236948,0.0,0.21686746987951808
3,0.09565217391304348,0.7086956521739131,0.0,0.1956521739130435
4,0.1218274111675127,0.751269035532995,0.0,0.12690355329949238
5,0.12574850299401197,0.8562874251497006,0.0,0.017964071856287425
6,0.09375,0.8875,0.0,0.01875
7,0.07947019867549669,0.8940397350993378,0.0,0.026490066225165563
8,0.04895104895104895,0.9230769230769231,0.0,0.027972027972027972
9,0.043478260869565216,0.927536231884058,0.0,0.028985507246376812
10,0.06569343065693431,0.9124087591240876,0.0,0.021897810218978103
11,0.032,0.944,0.0,0.024
12,0.0,0.9734513274336283,0.0,0.02654867256637168
13,0.0,0.9732142857142857,0.0,0.026785714285714284
14,0.0,0.9813084112149533,0.0,0.018691588785046728
15,0.0,0.9809523809523809,0.0,0.01904761904761905
16,0.0,0.96875,0.0,0.03125
17,0.0,0.9642857142857143,0.0,0.03571428571428571
18,0.0,0.9594594594594594,0.0,0.04054054054054054
19,0.0,0.9696969696969697,0.0,0.030303030303030304
20,0.0,1.0,0.0,0.0
21,0.0,0.975609756097561,0.0,0.024390243902439025
22,0.07317073170731707,0.9024390243902439,0.0,0.024390243902439025
23,0.02631578947368421,0.9210526315789473,0.0,0.05263157894736842
24,0.030303030303030304,0.9393939393939394,0.0,0.030303030303030304
