cluster,compartment
Cluster 0,other
Cluster 1,other
Cluster 2,immune_only
Cluster 3,other
Cluster 4,other
Cluster 5,tumour_cold
Cluster 6,tumour_cold
Cluster 7,tumour_infiltrated
Cluster 8,tumour_cold
Cluster 9,immune_only
Cluster 10,other
Cluster 11,other
Cluster 12,other
Cluster 13,tumour_cold
Cluster 14,tumour_cold
Cluster 15,other
Cluster 16,other
Cluster 17,other
Cluster 18,other
Cluster 19,immune_only
Cluster 20,immune_only
Cluster 21,immune_only
Cluster 22,other
Cluster 23,other
Cluster 24,other
Cluster 25,other
Cluster 26,other
Cluster 27,other
