library,gsm,patient,n_spots_in_tissue,feature_panel_size,n_genes_detected,median_genes_per_spot,median_umis_per_spot,median_pct_mito,n_spots_with_undefined_pct_mito,spots_below_500_genes,barcodes_inferred,n_zero_filled_spots
A2,GSM9022963,2,3367,37082,17445,35.0,57.0,3.22580623626709,42,3143,True,42
B8,GSM9022971,8,5780,37082,18715,70.0,128.0,3.896103858947754,0,4902,False,0
B14,GSM9022972,14,2206,37082,17236,147.0,265.0,2.366863965988159,0,1537,False,0
B15,GSM9022972,15,3171,37082,18530,151.0,288.0,5.607476234436035,0,2100,False,0
A17,GSM9022963,17,2274,37082,18435,243.5,410.0,4.081632614135742,0,1410,False,0
A34,GSM9022968,34,4151,37082,18521,300.0,507.0,3.0,0,2520,False,0
A7,GSM9022964,7,2892,37082,18944,377.5,460.0,5.249189376831055,1,1603,False,0
B13,GSM9022971,13,3614,37082,18728,402.0,752.0,2.657327651977539,0,2073,False,0
B38_2,GSM9022972,38,2100,37082,18818,533.0,1084.5,3.1373376846313477,0,1006,False,0
A16,GSM9022966,16,5195,18085,18054,554.0,1246.0,4.069767475128174,0,2424,False,0
A23,GSM9022966,23,2782,18085,18065,1099.0,2811.5,4.87579345703125,0,636,False,0
B4,GSM9022970,4,6415,37082,18991,1199.0,3374.0,2.774108409881592,0,995,False,0
A22,GSM9022967,22,4326,37082,18980,1546.0,4010.0,5.747922420501709,1,244,False,0
D3,GSM9022973,3,1501,37082,18926,1622.0,3846.0,2.9801323413848877,0,293,False,0
A21,GSM9022965,21,2260,18085,18034,2129.0,5914.5,4.678807258605957,0,326,False,0
A24,GSM9022967,24,6165,37082,18996,3400.0,11291.0,4.351362228393555,0,105,False,0
B38ex,GSM9022969,38,1861,37082,18976,3469.0,11309.0,3.6441333293914795,0,6,False,0
B1,GSM9022969,1,3952,37082,18988,5075.0,19684.5,3.5617334842681885,0,21,False,0
D20,GSM9022973,20,1089,37082,18962,5637.0,21899.0,5.946684837341309,0,33,False,0
