,I,pval_norm,var_norm,pval_norm_fdr_bh
IGKC,0.7369129413206048,0.0,6.4225846e-06,0.0
DCD,0.7353120787410109,0.0,6.4225846e-06,0.0
DCT,0.7208488403302505,0.0,6.4225846e-06,0.0
HBA2,0.7151605316655476,0.0,6.4225846e-06,0.0
PMEL,0.7044788448983569,0.0,6.4225846e-06,0.0
KRT1,0.7031075796239732,0.0,6.4225846e-06,0.0
TYRP1,0.6979048686777816,0.0,6.4225846e-06,0.0
MLANA,0.6908341972140274,0.0,6.4225846e-06,0.0
KRTDAP,0.6886652141768274,0.0,6.4225846e-06,0.0
S100A8,0.6840258871500081,0.0,6.4225846e-06,0.0
IGHG1,0.683037134162133,0.0,6.4225846e-06,0.0
FLG,0.6663575390865497,0.0,6.4225846e-06,0.0
KRT10,0.6625846845460274,0.0,6.4225846e-06,0.0
S100A9,0.658881196033918,0.0,6.4225846e-06,0.0
TYR,0.6586517446565381,0.0,6.4225846e-06,0.0
KRT2,0.6439801646688466,0.0,6.4225846e-06,0.0
SBSN,0.627245304657989,0.0,6.4225846e-06,0.0
LOR,0.6249545144339271,0.0,6.4225846e-06,0.0
GAL,0.6229394857152782,0.0,6.4225846e-06,0.0
KRT14,0.6224579284544132,0.0,6.4225846e-06,0.0
SCGB2A2,0.6221295976461821,0.0,6.4225846e-06,0.0
DMKN,0.6216108961423066,0.0,6.4225846e-06,0.0
KRT5,0.6202666142354776,0.0,6.4225846e-06,0.0
CST6,0.6190319144083394,0.0,6.4225846e-06,0.0
S100A1,0.6181932499873891,0.0,6.4225846e-06,0.0
SPRR1B,0.6174064695472767,0.0,6.4225846e-06,0.0
KRT16,0.6166753438859868,0.0,6.4225846e-06,0.0
FADS2,0.6120655658482801,0.0,6.4225846e-06,0.0
PM20D1,0.6076816955815063,0.0,6.4225846e-06,0.0
CSTA,0.6066312905490788,0.0,6.4225846e-06,0.0
KRT79,0.6026624861557028,0.0,6.4225846e-06,0.0
FLG2,0.5992383052868417,0.0,6.4225846e-06,0.0
SPINK5,0.5974508361585518,0.0,6.4225846e-06,0.0
KRT6A,0.5928025740583851,0.0,6.4225846e-06,0.0
S100B,0.5924930568499263,0.0,6.4225846e-06,0.0
CALML5,0.5920472671010403,0.0,6.4225846e-06,0.0
LY6D,0.591791781132353,0.0,6.4225846e-06,0.0
KRT6B,0.5915017177256435,0.0,6.4225846e-06,0.0
DSP,0.5865454948204681,0.0,6.4225846e-06,0.0
KRT17,0.5862398427103069,0.0,6.4225846e-06,0.0
TCHH,0.5849477315535819,0.0,6.4225846e-06,0.0
CALML3,0.5845680656789485,0.0,6.4225846e-06,0.0
SEC14L6,0.5825560167751782,0.0,6.4225846e-06,0.0
CASP14,0.5816646726787963,0.0,6.4225846e-06,0.0
SFN,0.5797368311093516,0.0,6.4225846e-06,0.0
HBB,0.5741192627006317,0.0,6.4225846e-06,0.0
SCGB1D2,0.5697797322337783,0.0,6.4225846e-06,0.0
PERP,0.5692973616532014,0.0,6.4225846e-06,0.0
COL1A1,0.5687517518172348,0.0,6.4225846e-06,0.0
MUCL1,0.5683128212284738,0.0,6.4225846e-06,0.0
SERPINE2,0.5647950677663237,0.0,6.4225846e-06,0.0
ACSBG1,0.5609863422323753,0.0,6.4225846e-06,0.0
TRIM29,0.5590248463764231,0.0,6.4225846e-06,0.0
DSG1,0.5583823449205495,0.0,6.4225846e-06,0.0
DSC1,0.5573314882730785,0.0,6.4225846e-06,0.0
FOS,0.5557286408990049,0.0,6.4225846e-06,0.0
SPRR4,0.5543294417398948,0.0,6.4225846e-06,0.0
ASPRV1,0.5516583695998255,0.0,6.4225846e-06,0.0
ELOVL3,0.5505162894602454,0.0,6.4225846e-06,0.0
LCE1C,0.549015349652445,0.0,6.4225846e-06,0.0
ALOX15B,0.5487378869946072,0.0,6.4225846e-06,0.0
TMEM45A,0.5480524750247994,0.0,6.4225846e-06,0.0
FMN1,0.5443832964739529,0.0,6.4225846e-06,0.0
PIP,0.5417995621962511,0.0,6.4225846e-06,0.0
HOPX,0.5417024676405422,0.0,6.4225846e-06,0.0
MMP2,0.5374067585757957,0.0,6.4225846e-06,0.0
KRT25,0.536626271734378,0.0,6.4225846e-06,0.0
PKP1,0.5325188590620981,0.0,6.4225846e-06,0.0
KRT80,0.5295443734920928,0.0,6.4225846e-06,0.0
CNFN,0.5278711053683526,0.0,6.4225846e-06,0.0
DCN,0.5270977571139601,0.0,6.4225846e-06,0.0
KLK5,0.5269990584986257,0.0,6.4225846e-06,0.0
BCAN,0.5257121482775262,0.0,6.4225846e-06,0.0
IGFBP5,0.5233126541253488,0.0,6.4225846e-06,0.0
S100A2,0.5229979031615136,0.0,6.4225846e-06,0.0
EDNRB,0.5215682801172921,0.0,6.4225846e-06,0.0
KLK7,0.5206897907686814,0.0,6.4225846e-06,0.0
KRT6C,0.516590246616442,0.0,6.4225846e-06,0.0
KRT27,0.5158635804934328,0.0,6.4225846e-06,0.0
CHI3L1,0.514824717449295,0.0,6.4225846e-06,0.0
IFI27,0.5109399558928547,0.0,6.4225846e-06,0.0
COL3A1,0.5100667137216929,0.0,6.4225846e-06,0.0
KLK6,0.510020557942265,0.0,6.4225846e-06,0.0
CRTAC1,0.5042100067397405,0.0,6.4225846e-06,0.0
SOX10,0.5011353785445551,0.0,6.4225846e-06,0.0
COL17A1,0.4985481905661005,0.0,6.4225846e-06,0.0
HHATL,0.4979661217766127,0.0,6.4225846e-06,0.0
JCHAIN,0.49793801851293973,0.0,6.4225846e-06,0.0
PSAPL1,0.49778861490222576,0.0,6.4225846e-06,0.0
CD74,0.49560777849236565,0.0,6.4225846e-06,0.0
COL1A2,0.49519058026989443,0.0,6.4225846e-06,0.0
IGLC1,0.49211051166991576,0.0,6.4225846e-06,0.0
AWAT2,0.490194531912138,0.0,6.4225846e-06,0.0
FADS1,0.48454050828180767,0.0,6.4225846e-06,0.0
TACSTD2,0.48426556863011844,0.0,6.4225846e-06,0.0
LYZ,0.483430155133865,0.0,6.4225846e-06,0.0
JUP,0.4784852804208743,0.0,6.4225846e-06,0.0
CFD,0.47605647907587345,0.0,6.4225846e-06,0.0
CYP4F8,0.47601504959709684,0.0,6.4225846e-06,0.0
FASN,0.47432127087455106,0.0,6.4225846e-06,0.0
ALDH3B2,0.4688617405078561,0.0,6.4225846e-06,0.0
DES,0.46792957221693654,0.0,6.4225846e-06,0.0
THRSP,0.4632275572984747,0.0,6.4225846e-06,0.0
DHCR24,0.4630717031573925,0.0,6.4225846e-06,0.0
CTSK,0.46253367127446166,0.0,6.4225846e-06,0.0
SDC1,0.4624898960228874,0.0,6.4225846e-06,0.0
GJB2,0.4555431688155068,0.0,6.4225846e-06,0.0
IFFO2,0.45468500051958083,0.0,6.4225846e-06,0.0
COL6A3,0.4530338177298734,0.0,6.4225846e-06,0.0
APCDD1,0.4481531016911705,0.0,6.4225846e-06,0.0
PTGDS,0.4452200018174102,0.0,6.4225846e-06,0.0
CCDC80,0.4443043580555264,0.0,6.4225846e-06,0.0
C3,0.4393153143826886,0.0,6.4225846e-06,0.0
TNXB,0.4374904822860766,0.0,6.4225846e-06,0.0
APOE,0.4371658331835101,0.0,6.4225846e-06,0.0
MT-CO2,0.4360492378517334,0.0,6.4225846e-06,0.0
DGAT2,0.4345006188108993,0.0,6.4225846e-06,0.0
B2M,0.43302603634235765,0.0,6.4225846e-06,0.0
CD44,0.4317135701242726,0.0,6.4225846e-06,0.0
FBLN1,0.43070421832244926,0.0,6.4225846e-06,0.0
GJA1,0.42854604273256597,0.0,6.4225846e-06,0.0
SLC15A1,0.42848774883025886,0.0,6.4225846e-06,0.0
PLIN4,0.4254122137966193,0.0,6.4225846e-06,0.0
VIM,0.42439474689319406,0.0,6.4225846e-06,0.0
MT-CO3,0.42306160164736145,0.0,6.4225846e-06,0.0
CCN5,0.42199327733590053,0.0,6.4225846e-06,0.0
KRT7,0.42025922729448334,0.0,6.4225846e-06,0.0
PCDH7,0.41819278610916294,0.0,6.4225846e-06,0.0
IGFBP4,0.41739917078429634,0.0,6.4225846e-06,0.0
RNASE1,0.4167197079233036,0.0,6.4225846e-06,0.0
MT-ATP6,0.4103924135518897,0.0,6.4225846e-06,0.0
MT-ND4L,0.4086754068129618,0.0,6.4225846e-06,0.0
GJB6,0.407895656822245,0.0,6.4225846e-06,0.0
SFRP2,0.4062609248863295,0.0,6.4225846e-06,0.0
CCL19,0.4055371046936522,0.0,6.4225846e-06,0.0
MT-ND4,0.4045700567299601,0.0,6.4225846e-06,0.0
TIMP2,0.4038539085459372,0.0,6.4225846e-06,0.0
FABP4,0.40333315421738647,0.0,6.4225846e-06,0.0
FBLN2,0.39923836208074254,0.0,6.4225846e-06,0.0
CTHRC1,0.39568461697941637,0.0,6.4225846e-06,0.0
MT-CYB,0.3947654856046571,0.0,6.4225846e-06,0.0
SPARC,0.39437440331716495,0.0,6.4225846e-06,0.0
CXCL12,0.3919743773782908,0.0,6.4225846e-06,0.0
FAR2,0.39144004706815144,0.0,6.4225846e-06,0.0
HTRA3,0.39133781352040586,0.0,6.4225846e-06,0.0
STAT1,0.39056147044653555,0.0,6.4225846e-06,0.0
SLC12A2,0.38772165732192043,0.0,6.4225846e-06,0.0
TMSB4X,0.387250468078223,0.0,6.4225846e-06,0.0
MT-ND2,0.38609766468447726,0.0,6.4225846e-06,0.0
G0S2,0.38447847217239745,0.0,6.4225846e-06,0.0
KRT75,0.38346415235745346,0.0,6.4225846e-06,0.0
AQP5,0.3832704382130065,0.0,6.4225846e-06,0.0
HSPB1,0.3812436095697045,0.0,6.4225846e-06,0.0
C1R,0.3789669093630152,0.0,6.4225846e-06,0.0
MYH11,0.3781796330013081,0.0,6.4225846e-06,0.0
COL6A2,0.3772984645151731,0.0,6.4225846e-06,0.0
APOD,0.37595221336984985,0.0,6.4225846e-06,0.0
FSTL1,0.375437113015313,0.0,6.4225846e-06,0.0
TRBC2,0.3748963738797361,0.0,6.4225846e-06,0.0
PLIN1,0.36988229719216226,0.0,6.4225846e-06,0.0
SFRP1,0.36800043829035484,0.0,6.4225846e-06,0.0
MT-ND5,0.36681373054507344,0.0,6.4225846e-06,0.0
MT-ND3,0.36604768983980085,0.0,6.4225846e-06,0.0
STAC2,0.3659630138150572,0.0,6.4225846e-06,0.0
TMEM91,0.36320326420376686,0.0,6.4225846e-06,0.0
IRF4,0.3630831498354773,0.0,6.4225846e-06,0.0
PTPRJ,0.36127150202735486,0.0,6.4225846e-06,0.0
BTG1,0.3612230153636995,0.0,6.4225846e-06,0.0
HMCN1,0.358904228037777,0.0,6.4225846e-06,0.0
INSIG1,0.3570761049872403,0.0,6.4225846e-06,0.0
BST2,0.3553286902657712,0.0,6.4225846e-06,0.0
MGP,0.35335298259730863,0.0,6.4225846e-06,0.0
LUM,0.3503603152660337,0.0,6.4225846e-06,0.0
CHL1,0.34983629295365887,0.0,6.4225846e-06,0.0
GSN,0.3475850069018047,0.0,6.4225846e-06,0.0
LTF,0.3475161567410125,0.0,6.4225846e-06,0.0
MT-ND1,0.3471259546267814,0.0,6.4225846e-06,0.0
FBN1,0.3469707265872885,0.0,6.4225846e-06,0.0
ACSL1,0.34586322364036665,0.0,6.4225846e-06,0.0
CSRP1,0.3432830100852242,0.0,6.4225846e-06,0.0
MMP14,0.3429154299256768,0.0,6.4225846e-06,0.0
TAGLN,0.34153660307815653,0.0,6.4225846e-06,0.0
PYGL,0.3408875772916832,0.0,6.4225846e-06,0.0
S100A6,0.33972307068556906,0.0,6.4225846e-06,0.0
WARS,0.33930465334111043,0.0,6.4225846e-06,0.0
MT-ND6,0.3372635958725884,0.0,6.4225846e-06,0.0
PI16,0.33713032083214595,0.0,6.4225846e-06,0.0
COL6A1,0.3325142627354988,0.0,6.4225846e-06,0.0
MYL9,0.33041562238041167,0.0,6.4225846e-06,0.0
CXCR4,0.3295667620878138,0.0,6.4225846e-06,0.0
MGST1,0.32723408783398616,0.0,6.4225846e-06,0.0
CST3,0.3243388212683065,0.0,6.4225846e-06,0.0
C1S,0.31677368196014016,0.0,6.4225846e-06,0.0
CPXM1,0.31633459933783087,0.0,6.4225846e-06,0.0
LCP1,0.31544471075415054,0.0,6.4225846e-06,0.0
RACK1,0.3141285881064175,0.0,6.4225846e-06,0.0
ELOVL5,0.31388409242511606,0.0,6.4225846e-06,0.0
IGFBP7,0.31343339267844944,0.0,6.4225846e-06,0.0
CREG1,0.3092689188012059,0.0,6.4225846e-06,0.0
A2M,0.30812126440561255,0.0,6.4225846e-06,0.0
PLTP,0.306947890070858,0.0,6.4225846e-06,0.0
PDGFRB,0.30570073879879334,0.0,6.4225846e-06,0.0
ETS1,0.30528403928066944,0.0,6.4225846e-06,0.0
CIRBP,0.30453112871241944,0.0,6.4225846e-06,0.0
TIMP1,0.30340780614498475,0.0,6.4225846e-06,0.0
APMAP,0.30246214057763604,0.0,6.4225846e-06,0.0
MYLK,0.30205908754238664,0.0,6.4225846e-06,0.0
LAPTM5,0.3019491665576898,0.0,6.4225846e-06,0.0
THBS2,0.30191417641553003,0.0,6.4225846e-06,0.0
PRDX2,0.3007122414450642,0.0,6.4225846e-06,0.0
MT2A,0.30029753456199915,0.0,6.4225846e-06,0.0
AQP1,0.299941929586859,0.0,6.4225846e-06,0.0
HTRA1,0.29965063272570697,0.0,6.4225846e-06,0.0
ANGPTL2,0.2992467150474783,0.0,6.4225846e-06,0.0
ACTA2,0.2992149843525662,0.0,6.4225846e-06,0.0
CFH,0.299150158487416,0.0,6.4225846e-06,0.0
ACTG2,0.2956973455567144,0.0,6.4225846e-06,0.0
AHR,0.2908716523771896,0.0,6.4225846e-06,0.0
ATP1B1,0.28903286299889624,0.0,6.4225846e-06,0.0
HBD,0.28837966883025573,0.0,6.4225846e-06,0.0
TRAC,0.28726673646655715,0.0,6.4225846e-06,0.0
IL32,0.284800925598067,0.0,6.4225846e-06,0.0
C12orf57,0.28252373068556974,0.0,6.4225846e-06,0.0
LPL,0.28144374406090383,0.0,6.4225846e-06,0.0
CTSS,0.28075835366580026,0.0,6.4225846e-06,0.0
SCARA5,0.28008839352180737,0.0,6.4225846e-06,0.0
TPM2,0.2794790656205423,0.0,6.4225846e-06,0.0
CNN1,0.27896954853224004,0.0,6.4225846e-06,0.0
WIPF1,0.2788091761543754,0.0,6.4225846e-06,0.0
SPARCL1,0.27825997442019074,0.0,6.4225846e-06,0.0
CRISPLD2,0.27773849574091136,0.0,6.4225846e-06,0.0
GPD1,0.27532741096359986,0.0,6.4225846e-06,0.0
CLU,0.2657477814801906,0.0,6.4225846e-06,0.0
ADIPOQ,0.265544179519967,0.0,6.4225846e-06,0.0
SRGN,0.26441552160739346,0.0,6.4225846e-06,0.0
PODN,0.26374579483860316,0.0,6.4225846e-06,0.0
CYBRD1,0.2632661613245751,0.0,6.4225846e-06,0.0
MXRA8,0.26269823699828593,0.0,6.4225846e-06,0.0
KRT19,0.2609044660106038,0.0,6.4225846e-06,0.0
TPM1,0.25830562690647024,0.0,6.4225846e-06,0.0
SYNM,0.2544965309483107,0.0,6.4225846e-06,0.0
NOTCH3,0.25437307907138285,0.0,6.4225846e-06,0.0
CALD1,0.25015649661287537,0.0,6.4225846e-06,0.0
COL5A1,0.2476575543113279,0.0,6.4225846e-06,0.0
LIMD2,0.24658192268109905,0.0,6.4225846e-06,0.0
FLNA,0.24623095019284358,0.0,6.4225846e-06,0.0
CYB5A,0.24516259709564436,0.0,6.4225846e-06,0.0
PCP4,0.24445064837398553,0.0,6.4225846e-06,0.0
PSMB9,0.24251873080412398,0.0,6.4225846e-06,0.0
COTL1,0.24052240473285041,0.0,6.4225846e-06,0.0
PLPP3,0.23900429225674907,0.0,6.4225846e-06,0.0
CLEC2D,0.23616150131663927,0.0,6.4225846e-06,0.0
DOCK10,0.23609325706795492,0.0,6.4225846e-06,0.0
PECAM1,0.23504931552583416,0.0,6.4225846e-06,0.0
TGFBR2,0.234736670488926,0.0,6.4225846e-06,0.0
EPAS1,0.23224601628473232,0.0,6.4225846e-06,0.0
MEGF6,0.2153189879316609,0.0,6.4225846e-06,0.0
SYNPO2,0.21495251604469623,0.0,6.4225846e-06,0.0
RESF1,0.21468183727101692,0.0,6.4225846e-06,0.0
KCTD12,0.21056599167783868,0.0,6.4225846e-06,0.0
LMOD1,0.20728497514561134,0.0,6.4225846e-06,0.0
ADIRF,0.2066051961031922,0.0,6.4225846e-06,0.0
NBL1,0.2042332271770223,0.0,6.4225846e-06,0.0
COL5A2,0.19827443942013595,0.0,6.4225846e-06,0.0
COL4A2,0.19515375046682062,0.0,6.4225846e-06,0.0
CLEC3B,0.19448038661456943,0.0,6.4225846e-06,0.0
PPP1R1A,0.1815671101384485,0.0,6.4225846e-06,0.0
TNS1,0.1778642937388279,0.0,6.4225846e-06,0.0
LIPE,0.17771190456865216,0.0,6.4225846e-06,0.0
PLN,0.17657573614345967,0.0,6.4225846e-06,0.0
EFEMP1,0.17592752074626278,0.0,6.4225846e-06,0.0
EGFL7,0.16846254939463476,0.0,6.4225846e-06,0.0
SLC8A1,0.16680897314315338,0.0,6.4225846e-06,0.0
DPT,0.16279323023679357,0.0,6.4225846e-06,0.0
RBP4,0.1548006543756299,0.0,6.4225846e-06,0.0
NPDC1,0.15283277087644645,0.0,6.4225846e-06,0.0
PPP1R12B,0.14948630783406006,0.0,6.4225846e-06,0.0
NR2F2,0.1473650753952329,0.0,6.4225846e-06,0.0
EHD2,0.14493261274224284,0.0,6.4225846e-06,0.0
ST8SIA4,0.1442022083319857,0.0,6.4225846e-06,0.0
SMTN,0.14209741967940384,0.0,6.4225846e-06,0.0
SOD3,0.14130001383592342,0.0,6.4225846e-06,0.0
SORBS1,0.14056115774467146,0.0,6.4225846e-06,0.0
PRUNE2,0.14022061826952947,0.0,6.4225846e-06,0.0
ALAS2,0.1323750622556384,0.0,6.4225846e-06,0.0
CIDEC,0.12862910325474744,0.0,6.4225846e-06,0.0
CKB,0.1241399174061219,0.0,6.4225846e-06,0.0
RCSD1,0.11275783081212379,0.0,6.4225846e-06,0.0
GALNT15,0.10903772204538129,0.0,6.4225846e-06,0.0
LST1,0.10680661009599221,0.0,6.4225846e-06,0.0
CILP,0.10413228527956456,0.0,6.4225846e-06,0.0
TAF11L6,0.08239434772211411,0.0,6.4225846e-06,0.0
SHANK3,0.07634945404668342,0.0,6.4225846e-06,0.0
JAM2,0.07355858488501976,0.0,6.4225846e-06,0.0
TRARG1,0.06754969242341967,0.0,6.4225846e-06,0.0
PCOLCE2,0.057140956056999405,0.0,6.4225846e-06,0.0
GALM,0.049112209699311765,0.0,6.4225846e-06,0.0
RUNX1T1,0.04618323212448192,0.0,6.4225846e-06,0.0
MEST,0.04145824940632944,0.0,6.4225846e-06,0.0
GHR,0.038681857377575055,0.0,6.4225846e-06,0.0
ZNF250,0.03812653764659102,0.0,6.4225846e-06,0.0
PLK4,0.03408993286283751,0.0,6.4225846e-06,0.0
EDA,0.032005569172311996,0.0,6.4225846e-06,0.0
MMP23B,0.03161311464813494,0.0,6.4225846e-06,0.0
LRRN3,0.030053240623172824,0.0,6.4225846e-06,0.0
IRS1,0.0278174641638391,0.0,6.4225846e-06,0.0
NPR3,0.02424842049455403,0.0,6.4225846e-06,0.0
ZFHX4,0.014758194800097995,2.7675861602460827e-09,6.4225846e-06,2.776571829597531e-09
KIAA0408,0.014410942283577541,6.23379570185989e-09,6.4225846e-06,6.23379570185989e-09
