,Cluster 0,Cluster 1,Cluster 2,Cluster 3,Cluster 4,Cluster 5,Cluster 6,Cluster 7,Cluster 8,Cluster 9,Cluster 10,Cluster 11,Cluster 12,Cluster 13,Cluster 14,Cluster 15,Cluster 16,Cluster 17,Cluster 18,Cluster 19,Cluster 20,Cluster 21,Cluster 22,Cluster 23,Cluster 24,Cluster 25
Cluster 0,35.43625990766278,6.411218296025432,-18.106204856163444,15.924580327925941,39.82762457766271,-19.091520437301345,-8.656700275331145,-29.291613353324664,-20.021446139845548,-13.581843230508488,9.21058699257574,41.68852667929859,40.12564330333112,-23.177421078888564,36.16012308547317,-11.847288105511328,-12.02253014778719,-16.277915572288656,-12.72090127123031,1.8697993743962686,28.856606749192096,-5.691989144241958,-25.6814817071259,-18.728170791589402,-8.726516529794349,0.6929586539588923
Cluster 1,6.411218296025432,225.26463668164914,-13.44824120490044,4.161909382412362,0.7915360134160672,-16.50704474621236,-14.637489859551572,-32.2669289716989,-21.041778037333238,-14.297336248263422,-0.8847137713355068,1.466938508598814,1.6742724930258432,-25.919467913748232,-1.3974080122040298,-5.016023575603825,-40.72987869349876,-21.011600714246576,-17.493358073244845,-6.891977151745695,0.3855336098071717,-5.435132133977141,-29.69966280432143,-19.736958177044052,-8.380011623615697,-1.0928216010072573
Cluster 2,-18.106204856163444,-13.44824120490044,290.0981200536209,-16.862681307394034,-21.258082390978863,-25.265179166646764,-18.03649561836275,-23.43265391208097,-14.92433527648484,-7.217040783733747,-8.520991625347294,-22.612422658013053,-19.34439953199631,-5.850140967377206,-14.689578780509466,12.336031962779535,-33.69732747032268,-21.171379513179193,-1.2060341750414874,-2.7305095878557184,-17.617583834606812,19.92735341813615,-21.31728550857029,-17.40571607275657,-7.47868828628912,-3.1487973705924337
Cluster 3,15.924580327925941,4.161909382412362,-16.862681307394034,219.2406005569907,9.310492426652328,-27.375589484096785,-19.265340817737815,-32.13386358793713,-23.48054839454322,-15.368176176160564,-4.358620262391999,5.504756508991722,-2.31361361274113,-28.19711347903169,-9.423112422344332,-14.792550041094506,-39.01226487518308,-19.260121200671332,-5.991180127150103,-2.831535099187881,4.956732990505159,-17.105450110374708,-30.76789884459756,-21.16933053388039,-9.65088957234452,-1.1419108200661625
Cluster 4,39.82762457766271,0.7915360134160672,-21.258082390978863,9.310492426652328,61.34536832202292,-22.247165174831736,-9.245621514831308,-31.598486225182164,-24.515426915713167,-15.687834557384123,2.8237264488276517,34.89004108814556,52.584520479408944,-25.66131082932666,19.54800433301953,-13.605183373029224,-35.83002417451483,-13.518380144068889,-18.04528958021242,1.7592963817886567,66.2764940725148,-8.748172097364042,-29.096781794555717,-20.585919017867326,-9.294608971209522,10.980820533549263
Cluster 5,-19.091520437301345,-16.50704474621236,-25.265179166646764,-27.375589484096785,-22.247165174831736,225.98490288654406,10.669849237979296,43.88988191493451,-10.401825820219026,-14.85896015716858,-5.786119968403597,-13.245298574611393,-15.827259641132422,-5.656430797216773,-13.206819036446392,-5.689909823948444,-52.974128982568075,-37.571109076974295,-23.58013313837735,-13.336382471393252,-22.15548154230854,-19.72981676754439,-38.243899837743946,-26.410900655716745,-11.347018505729851,-4.588957845349676
Cluster 6,-8.656700275331145,-14.637489859551572,-18.03649561836275,-19.265340817737815,-9.245621514831308,10.669849237979296,260.9082232341023,-27.753223286246566,-7.078570682858944,-13.833532711960073,-1.4785910261960762,-6.525615851290618,-2.7221259317019273,-20.22474180094019,-2.492198788952934,-11.780569108204453,-33.830880662943336,-26.67253596016149,-8.247632996902183,-5.420446650701395,-11.29803724988307,-10.71473718649912,-24.512489206134777,-18.335372961569202,-7.907454357351121,-2.9074816781986152
Cluster 7,-29.291613353324664,-32.2669289716989,-23.43265391208097,-32.13386358793713,-31.598486225182164,43.88988191493451,-27.753223286246566,270.3846487989124,-30.007591122808986,-9.519195761270263,-15.020323961165394,-33.93993046650844,-29.516395600072954,-1.7108827969796876,-24.04360741044372,-9.307031591831013,-62.90433740025781,-42.87091352182392,-25.060774907848774,-16.862334773297324,-25.60039059196116,-27.767656792922377,-40.08666249326648,-19.176597056465326,-0.6526470372230093,-5.029905667501328
Cluster 8,-20.021446139845548,-21.041778037333238,-14.92433527648484,-23.48054839454322,-24.515426915713167,-10.401825820219026,-7.078570682858944,-30.007591122808986,300.99235260397603,-6.355234206766069,1.051105127226779,-22.023583029940124,-20.4870104874896,-5.922970485422513,-14.950177003766601,-4.483838528605879,-41.508002885883,-29.04388474645082,-9.347569986939224,-11.027146253431448,-18.246141725862735,-19.20069119292918,-12.9808639560163,-14.056328171741807,-9.161561978139655,-3.419526456426577
Cluster 9,-13.581843230508488,-14.297336248263422,-7.217040783733747,-15.368176176160564,-15.687834557384123,-14.85896015716858,-13.833532711960073,-9.519195761270263,-6.355234206766069,312.6790002872054,-6.0653428549984,-15.817016398639197,-13.312143458455086,-1.1519464155172519,-11.073407646223545,-8.489078798503483,-18.14417455877262,-19.667023784725853,-7.0158919044280506,-7.351163661866696,-12.717814063200438,-13.778150119803689,4.600674574244096,-12.051419128785305,-5.901211956987448,-2.3018944074915058
Cluster 10,9.21058699257574,-0.8847137713355068,-8.520991625347294,-4.358620262391999,2.8237264488276517,-5.786119968403597,-1.4785910261960762,-15.020323961165394,1.051105127226779,-6.0653428549984,132.5720754359371,7.3612480385467025,7.0172939444963545,-10.134876193804683,4.48393173446464,-5.226432710763893,-9.375642437293553,-8.242297403943407,-6.3687983912895865,-1.2191953249262635,-3.637884059392487,0.690235833081509,-6.6171609665096165,-9.772959332856077,-4.542398152100781,-1.3076568815290552
Cluster 11,41.68852667929859,1.466938508598814,-22.612422658013053,5.504756508991722,34.89004108814556,-13.245298574611393,-6.525615851290618,-33.93993046650844,-22.023583029940124,-15.817016398639197,7.3612480385467025,58.64435080884522,55.08523581340748,-22.079072621227784,30.6392029788681,-13.829728248193595,-0.21515257864934573,-21.772468855011486,-12.24529084073514,3.3903094747178795,23.216771537804636,-13.345666915233743,-29.290951934108588,-21.87283584917126,-10.164186965565275,1.6215962973499485
Cluster 12,40.12564330333112,1.6742724930258432,-19.34439953199631,-2.31361361274113,52.584520479408944,-15.827259641132422,-2.7221259317019273,-29.516395600072954,-20.4870104874896,-13.312143458455086,7.0172939444963545,55.08523581340748,50.29784795480048,-24.536058434189293,32.59510387259217,-12.600158499386655,-20.149921252369374,-24.262327104113503,-15.603160291180838,3.642561331629848,45.35838141808572,-11.208691011849389,-26.409238815732575,-19.492849380957562,-8.49755939207792,10.48218797039315
Cluster 13,-23.177421078888564,-25.919467913748232,-5.850140967377206,-28.19711347903169,-25.66131082932666,-5.656430797216773,-20.22474180094019,-1.7108827969796876,-5.922970485422513,-1.1519464155172519,-10.134876193804683,-22.079072621227784,-24.536058434189293,252.44897482316216,-14.822346655611621,-12.249513285980926,-21.032470817455806,-22.590017733618453,2.457343715921235,-11.210270127958502,-22.980110698121695,-23.39706594495514,-29.300727261302033,-22.27587306974656,3.6002408532484123,-4.274569354210993
Cluster 14,36.16012308547317,-1.3974080122040298,-14.689578780509466,-9.423112422344332,19.54800433301953,-13.206819036446392,-2.492198788952934,-24.04360741044372,-14.950177003766601,-11.073407646223545,4.48393173446464,30.6392029788681,32.59510387259217,-14.822346655611621,29.42129950568426,-9.501526979526378,21.03607143395093,-8.784643798484446,-8.783971942291906,4.456440906382342,4.731367226504852,-8.511895611337362,-19.36235248249944,-15.055639135636108,-7.046942179550049,-1.2487200929166946
Cluster 15,-11.847288105511328,-5.016023575603825,12.336031962779535,-14.792550041094506,-13.605183373029224,-5.689909823948444,-11.780569108204453,-9.307031591831013,-4.483838528605879,-8.489078798503483,-5.226432710763893,-13.829728248193595,-12.600158499386655,-12.249513285980926,-9.501526979526378,280.0302127970451,-25.784724217768524,-18.993738890929862,-11.367313225466757,-7.451944324675712,-11.184251511539687,36.914823502316224,-16.64019963732479,-11.726658845038148,-5.349561810928732,-2.1961119124890054
Cluster 16,-12.02253014778719,-40.72987869349876,-33.69732747032268,-39.01226487518308,-35.83002417451483,-52.974128982568075,-33.830880662943336,-62.90433740025781,-41.508002885883,-18.14417455877262,-9.375642437293553,-0.21515257864934573,-20.149921252369374,-21.032470817455806,21.03607143395093,-25.784724217768524,258.7111035156046,-29.05141365949782,25.161915163677747,-11.786135263171012,-35.123260775287676,-38.58350908873886,-25.575200777767726,-38.409797373792195,-17.669695228917572,-6.9030696712749
Cluster 17,-16.277915572288656,-21.011600714246576,-21.171379513179193,-19.260121200671332,-13.518380144068889,-37.571109076974295,-26.67253596016149,-42.87091352182392,-29.04388474645082,-19.667023784725853,-8.242297403943407,-21.772468855011486,-24.262327104113503,-22.590017733618453,-8.784643798484446,-18.993738890929862,-29.05141365949782,283.38658578333803,-4.566107120473402,-12.3480750358446,-23.698590211045946,-25.274814428370227,-32.063659405516816,-26.325794532437342,-12.18976267399731,-4.184342875097847
Cluster 18,-12.72090127123031,-17.493358073244845,-1.2060341750414874,-5.991180127150103,-18.04528958021242,-23.58013313837735,-8.247632996902183,-25.060774907848774,-9.347569986939224,-7.0158919044280506,-6.3687983912895865,-12.24529084073514,-15.603160291180838,2.457343715921235,-8.783971942291906,-11.367313225466757,25.161915163677747,-4.566107120473402,176.47028956324527,12.191413134662284,-15.588520321165309,-16.105877182824223,-5.37854108368366,-15.627997055865803,-5.513821195182808,-2.9057763470767966
Cluster 19,1.8697993743962686,-6.891977151745695,-2.7305095878557184,-2.831535099187881,1.7592963817886567,-13.336382471393252,-5.420446650701395,-16.862334773297324,-11.027146253431448,-7.351163661866696,-1.2191953249262635,3.3903094747178795,3.642561331629848,-11.210270127958502,4.456440906382342,-7.451944324675712,-11.786135263171012,-12.3480750358446,12.191413134662284,155.25652075544846,5.325112529767133,-4.503156518177015,-4.191059010773753,-11.044891510046282,-5.107398651316957,-2.053269852949074
Cluster 20,28.856606749192096,0.3855336098071717,-17.617583834606812,4.956732990505159,66.2764940725148,-22.15548154230854,-11.29803724988307,-25.60039059196116,-18.246141725862735,-12.717814063200438,-3.637884059392487,23.216771537804636,45.35838141808572,-22.980110698121695,4.731367226504852,-11.184251511539687,-35.123260775287676,-23.698590211045946,-15.588520321165309,5.325112529767133,76.30669346739073,-6.329808451441322,-24.738082453601336,-17.269956269486812,-7.587816180355682,32.59022810292591
Cluster 21,-5.691989144241958,-5.435132133977141,19.92735341813615,-17.105450110374708,-8.748172097364042,-19.72981676754439,-10.71473718649912,-27.767656792922377,-19.20069119292918,-13.778150119803689,0.690235833081509,-13.345666915233743,-11.208691011849389,-23.39706594495514,-8.511895611337362,36.914823502316224,-38.58350908873886,-25.274814428370227,-16.105877182824223,-4.503156518177015,-6.329808451441322,246.4580621243032,-24.94243681814834,-18.61023450967861,-8.090742359782304,-0.2930009437227459
Cluster 22,-25.6814817071259,-29.69966280432143,-21.31728550857029,-30.76789884459756,-29.096781794555717,-38.243899837743946,-24.512489206134777,-40.08666249326648,-12.9808639560163,4.600674574244096,-6.6171609665096165,-29.290951934108588,-26.409238815732575,-29.300727261302033,-19.36235248249944,-16.64019963732479,-25.575200777767726,-32.063659405516816,-5.37854108368366,-4.191059010773753,-24.738082453601336,-24.94243681814834,334.70863986438974,-18.156185112486128,-10.457764393692393,-4.229691497285526
Cluster 23,-18.728170791589402,-19.736958177044052,-17.40571607275657,-21.16933053388039,-20.585919017867326,-26.410900655716745,-18.335372961569202,-19.176597056465326,-14.056328171741807,-12.051419128785305,-9.772959332856077,-21.87283584917126,-19.492849380957562,-22.27587306974656,-15.055639135636108,-11.726658845038148,-38.409797373792195,-26.325794532437342,-15.627997055865803,-11.044891510046282,-17.269956269486812,-18.61023450967861,-18.156185112486128,370.10118708126305,-7.6573203990189285,-3.1130171583556434
Cluster 24,-8.726516529794349,-8.380011623615697,-7.47868828628912,-9.65088957234452,-9.294608971209522,-11.347018505729851,-7.907454357351121,-0.6526470372230093,-9.161561978139655,-5.901211956987448,-4.542398152100781,-10.164186965565275,-8.49755939207792,3.6002408532484123,-7.046942179550049,-5.349561810928732,-17.669695228917572,-12.18976267399731,-5.513821195182808,-5.107398651316957,-7.587816180355682,-8.090742359782304,-10.457764393692393,-7.6573203990189285,383.19115008557026,-1.4185265404767828
Cluster 25,0.6929586539588923,-1.0928216010072573,-3.1487973705924337,-1.1419108200661625,10.980820533549263,-4.588957845349676,-2.9074816781986152,-5.029905667501328,-3.419526456426577,-2.3018944074915058,-1.3076568815290552,1.6215962973499485,10.48218797039315,-4.274569354210993,-1.2487200929166946,-2.1961119124890054,-6.9030696712749,-4.184342875097847,-2.9057763470767966,-2.053269852949074,32.59022810292591,-0.2930009437227459,-4.229691497285526,-3.1130171583556434,-1.4185265404767828,21.333977742852163
